Question,Q32,Q14,Scan32,Scan14,DAG32,DAG14,ReasonFlags,Out32,Out14
"Given all the data available, which investment type generates the highest average dividend income?",MATCH,MATCH,success,success,Retrieve -> Generate -> Scan -> Validate -> Explain,Retrieve -> Generate -> Scan -> Validate -> Explain,different retrieved classes; different scan rows; different SPARQL; different validation,Corporate Bond generates the highest average dividend income of 7290.,Corporate Bond generates the highest average dividend income of 7290.
What sector has the highest allocation percentage in investor INV-001's actual portfolio?,MATCH,MISMATCH,success,success,Retrieve -> Generate -> Scan -> Validate -> Explain,Retrieve -> Generate -> Scan -> Validate -> Order_By -> Extract -> Generate -> Explain,different DAG; different retrieved classes; different scan rows; different SPARQL; different validation,The sector with the highest allocation percentage in investor INV-001's actual portfolio is Private Equity with 42%.,No data was found in the knowledge graph. The requested entity may not exist.
Provide the count of rebalancing actions have an Underweight drift direction?,MISMATCH,MISMATCH,success,success,Retrieve -> Generate -> Scan -> Validate -> Explain,Retrieve -> Generate -> Scan -> Validate -> Explain,different SPARQL,The count of rebalancing actions with an Underweight drift direction is 0.,The count of rebalancing actions with an Underweight drift direction is 0.
"Out of all options, which segment (Large Cap, Mid Cap etc.) has the most total invested amount?",MISMATCH,PARTIAL,success,success,Retrieve -> Generate -> Scan -> Validate -> Explain,Retrieve -> Generate -> Scan -> Validate -> Explain,different retrieved classes; different scan rows; different SPARQL; different validation,The segment with the most total invested amount is SEGMENT001 with a total of 11393186.,"Result from retrieved rows: [{""sectorName"": ""Private Equity"", ""totalAmount"": ""15028100""}]"
Provide the count of Conservative risk profile investors have a portfolio diversification score below 50?,MISMATCH,MISMATCH,success,success,Retrieve -> Generate -> Scan -> Validate -> Explain,Retrieve -> Generate -> Scan -> Validate -> Explain,different SPARQL,The count of Conservative risk profile investors with a portfolio diversification score below 50 is 0.,The count of Conservative risk profile investors with a portfolio diversification score below 50 is 0.
Which risk profile group has the highest average investment goal target amount?,MATCH,MATCH,success,success,Retrieve -> Generate -> Scan -> Validate -> Explain,Retrieve -> Generate -> Scan -> Validate -> Order_By -> Extract -> Explain,different DAG; different retrieved classes; different scan rows; different SPARQL; different validation,"The risk profile group with the highest average investment goal target amount is High, with an average target amount of 1500000.","The risk profile group with the highest average investment goal target amount is High, with an average target amount of 1500000."
"From the complete wealth management dataset, what was the total investment cost made in 2022?",MISMATCH,MISMATCH,success,error,Retrieve -> Generate -> Scan -> Validate -> Explain,Retrieve -> Generate -> Scan -> Validate -> Math_Compute -> Explain,different DAG; different retrieved classes; 14B scan error; different scan rows; different SPARQL; different validation,The total investment cost made in 2022 was 0.,A database error prevented data retrieval.
Do you know which investment type generates the lowest average dividend income?,MISMATCH,MATCH,success,success,Retrieve -> Generate -> Scan -> Validate -> Explain,Retrieve -> Classify -> Generate -> Scan -> Validate -> Explain,different DAG; different retrieved classes; different scan rows; different SPARQL; different validation,No data was found in the knowledge graph. The requested entity may not exist.,Alternative Investment Funds (AIF - Cat I) generates the lowest average dividend income of 2753.
Can you tell me √¢¬Ä¬î list holdings where taxes paid exceeds 10% of the current value.?,MATCH,MATCH,success,success,Retrieve -> Generate -> Scan -> Validate -> Explain,Retrieve -> Generate -> Scan -> Validate -> Explain,different SPARQL; different validation,No data was found in the knowledge graph. The requested entity may not exist.,No data was found in the knowledge graph. The requested entity may not exist.
"Across the entire investor database, how many investors affected by the Interest Rate Hike scenario have a Moderate portfolio health status?",MISMATCH,MISMATCH,success,success,Retrieve -> Generate -> Scan -> Validate -> Explain,Retrieve -> Generate -> Scan -> Filter_Aggregate -> Math_Compute -> Validate -> Explain,different DAG; different retrieved classes; different SPARQL,"Across the entire investor database, 0 investors affected by the Interest Rate Hike scenario have a Moderate portfolio health status.",No investors affected by the Interest Rate Hike scenario have a Moderate portfolio health status.
"Looking at all available records, what is the largest single cash flow transaction (any type) in the database?",PARTIAL,PARTIAL,success,success,Retrieve -> Generate -> Scan -> Validate -> Explain,Retrieve -> Generate -> Scan -> Validate -> Order_By -> Extract -> Explain,different DAG; different scan rows; different SPARQL; different validation,The largest single cash flow transaction in the database has a cashFlowId of 15a6c830-b586-4c2a-a961-94b2ddce3452 and an amount of 10000.,The largest single cash flow transaction in the database is 10000.
"Please display total portfolio value grouped by category (Equity, Debt, Hybrid etc.).?",PARTIAL,MATCH,success,success,Retrieve -> Generate -> Scan -> Validate -> Explain,Retrieve -> Generate -> Scan -> Validate -> Explain,different scan rows; different SPARQL,"Equity has a total portfolio value of 11703296, Debt has a total portfolio value of 1030000, Bond has a total portfolio value of 4616900, and REIT has a total portfolio value of 62","The total portfolio value grouped by category is as follows:  - Bond: 4,616,900 - Debt: 1,030,000 - Private Equity: 15,028,100 - Equity: 11,703,296 - REIT: 6,269,835"
Compare the preferred sector in the investor's profile to the sector with the highest allocation percentage in their actual portfolio for investor INV001.?,MISMATCH,MISMATCH,error,error,Retrieve -> Generate -> Scan -> Validate -> Explain,Retrieve -> Generate -> Scan -> Validate -> Explain,different retrieved classes; 32B scan error; different SPARQL; different validation,A database error prevented data retrieval.,A database error prevented data retrieval.
Can you tell me √¢¬Ä¬î does investor inv-001's highest allocated sector match their stated sector focus?,MISMATCH,MATCH,error,success,Retrieve -> Generate -> Scan -> Validate -> Explain,Retrieve -> Generate -> Scan -> Validate -> Explain,32B scan error; different scan rows; different SPARQL; different validation,A database error prevented data retrieval.,"No, Ai's highest allocated sector, Private Equity, does not match their stated sector focus of Government, Gold, Debt."
What can be found for the maximum total investment amount recorded for each sector in the sector allocation records.?,MATCH,MATCH,success,success,Retrieve -> Generate -> Scan -> Validate -> Explain,Retrieve -> Generate -> Scan -> Validate -> Explain,different scan rows; different SPARQL,"The maximum total investment amounts recorded for each sector are as follows: Government with 1150000, Banking with 1030000, Private Equity with 15028100, Automobile with 2793077, ","The maximum total investment amounts recorded for each sector are as follows:  - Government: 1,150,000 - Technology: 6,917,749 - Corporate: 475,621 - Automobile: 2,793,077 - Privat"
Can you tell me what the largest single cash flow transaction (any type) in the database?,MISMATCH,PARTIAL,success,success,Retrieve -> Generate -> Scan -> Validate -> Explain,Retrieve -> Generate -> Scan -> Validate -> Order_By -> Extract -> Explain,different DAG; different scan rows; different SPARQL; different validation,The largest single cash flow transaction in the database has an amount of 50000.,The largest single cash flow transaction in the database is 10000.
Show the total SWP (Systematic Withdrawal Plan) amount per investor.?,MISMATCH,MISMATCH,success,success,Retrieve -> Generate -> Scan -> Validate -> Explain,Retrieve -> Generate -> Scan -> Validate -> Explain,different SPARQL; different validation,No data was found in the knowledge graph. The requested entity may not exist.,No data was found in the knowledge graph. The requested entity may not exist.
Show the count and total amount of Dividend transactions per investor.?,PARTIAL,PARTIAL,success,success,Retrieve -> Generate -> Scan -> Validate -> Explain,Retrieve -> Generate -> Scan -> Validate -> Explain,different SPARQL,Deepak Sharma has 10 Dividend transactions with a total amount of 61420.,Deepak Sharma has 10 Dividend transactions with a total amount of 61420.
"Among all investors, which one holds the highest total Gold investment value?",MATCH,MATCH,success,success,Retrieve -> Generate -> Scan -> Validate -> Explain,Retrieve -> Generate -> Scan -> Validate -> Explain,different retrieved classes; different SPARQL; different validation,No data was found in the knowledge graph. The requested entity may not exist.,No data was found in the knowledge graph. The requested entity may not exist.
"Looking at all available records, what is the total amount recommended for Buy rebalancing actions for investors with Growth goals?",MISMATCH,MISMATCH,success,success,Retrieve -> Generate -> Scan -> Validate -> Explain,Retrieve -> Generate -> Scan -> Validate -> Math_Compute -> Explain,different DAG; different SPARQL; different validation,The total amount recommended for Buy rebalancing actions for investors with Growth goals is 0.,The total amount recommended for Buy rebalancing actions for investors with Growth goals is 0.
"Out of all options, which investment type generates the lowest average dividend income?",MISMATCH,PARTIAL,error,success,Retrieve -> Generate -> Scan -> Validate -> Explain,Retrieve -> Classify -> Generate -> Scan -> Validate -> Filter_Aggregate -> Order_By -> Extract -> Explain,different DAG; different retrieved classes; 32B scan error; different scan rows; different SPARQL; different validation,No data was found in the knowledge graph. The requested entity may not exist.,The investment type that generates the lowest average dividend income is http://example.org/kg#INVTYPE015 with an average dividend of 2753.
Please display how much each sector's current allocation deviates from its target for sectors where the investor has an active 'Sell' recommendation.?,MISMATCH,MISMATCH,success,success,Retrieve -> Generate -> Scan -> Validate -> Explain,Retrieve -> Generate -> Generate -> Scan -> Scan -> Validate -> Validate -> Generate -> Explain,different DAG; different retrieved classes; different SPARQL; different validation,No data was found in the knowledge graph. The requested entity may not exist.,No data was found in the knowledge graph. The requested entity may not exist.
"Among all investors, who has the longest average holding duration across all investors?",MISMATCH,MISMATCH,error,error,Retrieve -> Generate -> Scan -> Validate -> Explain,Retrieve -> Generate -> Scan -> Validate -> Explain,32B scan error; different SPARQL; different validation,A database error prevented data retrieval.,A database error prevented data retrieval.
