Pipeline Version,Sample Row ID,Question,Ground Truth,Difficulty,Category,Query Type,Source CSV,Dataset Type,New Pipeline Result,New Status,Old Status,Comparison / Comments,Started At,Elapsed Seconds,Scan Status,Scan Error,Validation Is Valid,Validation Reason,Answer Review Status,Failure Stage,Timing Run ID,Target Model,Generation Input Tokens,Generation Output Tokens,Cached Input Tokens,Generation Latency Seconds,Model Calls,Failed Model Calls,Calls Missing Token Usage
aop-improvement8-v3,wealth_management_125_question_benchmark:WM125-1T-001,What is the name of investor INV-081?,"[{""investor_name"": ""Bhavna Pandey""}]",Easy,Investor and portfolio lookup,Direct Retrieval,wealth_management_125_question_benchmark.csv,Benchmark,"[{""investor_name"": ""Bhavna Pandey""}]",PIPELINE_SUCCESS,,Final result executed successfully; answer correctness is recorded separately by review/grading.,2026-10-06T13:12:17,43.529,success,,,Execution checks passed. Semantic review is disabled; use the separate grader.,not_requested,,90d1bdadf3544871b798ad73d5ab0bd4,moonshotai.kimi-k2-thinking,63932,4183,,43.501786188999176,5,0,0
aop-improvement8-v3,wealth_management_125_question_benchmark:WM125-1T-002,What are the risk tolerance and time horizon of investor INV-082?,"[{""risk_tolerance"": ""Aggressive"", ""time_horizon"": ""Long-term""}]",Easy,Investor and portfolio lookup,Direct Retrieval,wealth_management_125_question_benchmark.csv,Benchmark,"[{""risk_tolerance"": ""Aggressive"", ""time_horizon"": ""Long-term""}]",PIPELINE_SUCCESS,,Final result executed successfully; answer correctness is recorded separately by review/grading.,2026-10-06T13:13:00,50.551,success,,,Execution checks passed. Semantic review is disabled; use the separate grader.,not_requested,,90d1bdadf3544871b798ad73d5ab0bd4,moonshotai.kimi-k2-thinking,64099,5046,,50.524773473000096,5,0,0
aop-improvement8-v3,wealth_management_125_question_benchmark:WM125-1T-003,What is the investment goal and segment of investor INV-083?,"[{""investment_goal"": ""Wealth Preservation"", ""segment"": null}]",Easy,Investor and portfolio lookup,Direct Retrieval,wealth_management_125_question_benchmark.csv,Benchmark,"[{""investment_goal"": ""Wealth Preservation"", ""segment"": null}]",PIPELINE_SUCCESS,,Final result executed successfully; answer correctness is recorded separately by review/grading.,2026-10-06T13:13:51,41.896,success,,,Execution checks passed. Semantic review is disabled; use the separate grader.,not_requested,,90d1bdadf3544871b798ad73d5ab0bd4,moonshotai.kimi-k2-thinking,64346,4298,,41.872689925001396,5,0,0
aop-improvement8-v3,wealth_management_125_question_benchmark:WM125-1T-004,What category and sector focus is investor INV-084 associated with?,"[{""category"": ""Hybrid"", ""sector_focus"": ""Technology, Consumer Goods, Automobile""}]",Easy,Investor and portfolio lookup,Direct Retrieval,wealth_management_125_question_benchmark.csv,Benchmark,"[{""category"": ""Hybrid"", ""sector_focus"": ""Technology, Consumer Goods, Automobile""}]",PIPELINE_SUCCESS,,Final result executed successfully; answer correctness is recorded separately by review/grading.,2026-10-06T13:14:33,52.732,success,,,Execution checks passed. Semantic review is disabled; use the separate grader.,not_requested,,90d1bdadf3544871b798ad73d5ab0bd4,moonshotai.kimi-k2-thinking,64128,5430,52704.0,52.708663057001104,5,0,0
aop-improvement8-v3,wealth_management_125_question_benchmark:WM125-1T-005,"What are the risk, liquidity, and diversification scores of investor INV-085?","[{""risk_score"": null, ""liquidity_score"": 94.684395, ""diversification_score"": 9.959252}]",Easy,Investor and portfolio lookup,Direct Retrieval,wealth_management_125_question_benchmark.csv,Benchmark,"[{""risk_score"": null, ""liquidity_score"": 94.68439534341745, ""diversification_score"": 9.959252187823038}]",PIPELINE_SUCCESS,,Final result executed successfully; answer correctness is recorded separately by review/grading.,2026-10-06T13:15:25,74.514,success,,,Execution checks passed. Semantic review is disabled; use the separate grader.,not_requested,,90d1bdadf3544871b798ad73d5ab0bd4,moonshotai.kimi-k2-thinking,65003,8036,52736.0,74.49234567200074,5,0,0
aop-improvement8-v3,wealth_management_125_question_benchmark:WM125-1T-006,What is the goal-match percentage of investor INV-086?,"[{""goal_match_pct"": 64.226475}]",Easy,Investor and portfolio lookup,Direct Retrieval,wealth_management_125_question_benchmark.csv,Benchmark,"[{""investor_id"": ""INV-086"", ""goal_match_pct"": 64.22647479716872}]",PIPELINE_SUCCESS,,Final result executed successfully; answer correctness is recorded separately by review/grading.,2026-10-06T13:16:40,56.33,success,,,Execution checks passed. Semantic review is disabled; use the separate grader.,not_requested,,90d1bdadf3544871b798ad73d5ab0bd4,moonshotai.kimi-k2-thinking,63343,6835,52704.0,56.3043337729996,5,0,0
aop-improvement8-v3,wealth_management_125_question_benchmark:WM125-1T-007,What is the name of investor INV-087?,"[{""investor_name"": ""Deepak Pandey""}]",Easy,Investor and portfolio lookup,Direct Retrieval,wealth_management_125_question_benchmark.csv,Benchmark,"[{""investor_name"": ""Deepak Pandey""}]",PIPELINE_SUCCESS,,Final result executed successfully; answer correctness is recorded separately by review/grading.,2026-10-06T13:17:36,70.578,success,,,Execution checks passed. Semantic review is disabled; use the separate grader.,not_requested,,90d1bdadf3544871b798ad73d5ab0bd4,moonshotai.kimi-k2-thinking,63934,6749,52768.0,70.55625404699822,5,0,0
aop-improvement8-v3,wealth_management_125_question_benchmark:WM125-1T-008,What are the risk tolerance and time horizon of investor INV-088?,"[{""risk_tolerance"": ""Conservative"", ""time_horizon"": ""Long-term""}]",Easy,Investor and portfolio lookup,Direct Retrieval,wealth_management_125_question_benchmark.csv,Benchmark,"[{""risk_tolerance"": ""Conservative"", ""time_horizon"": ""Long-term""}]",PIPELINE_SUCCESS,,Final result executed successfully; answer correctness is recorded separately by review/grading.,2026-10-06T13:18:47,46.141,success,,,Execution checks passed. Semantic review is disabled; use the separate grader.,not_requested,,90d1bdadf3544871b798ad73d5ab0bd4,moonshotai.kimi-k2-thinking,65155,4969,52704.0,46.11489477200121,5,0,0
aop-improvement8-v3,wealth_management_125_question_benchmark:WM125-1T-009,What is the investment goal and segment of investor INV-089?,"[{""investment_goal"": ""Growth"", ""segment"": ""Diversified""}]",Easy,Investor and portfolio lookup,Direct Retrieval,wealth_management_125_question_benchmark.csv,Benchmark,"[{""investment_goal"": ""Growth"", ""segment"": ""Diversified""}]",PIPELINE_SUCCESS,,Final result executed successfully; answer correctness is recorded separately by review/grading.,2026-10-06T13:19:33,59.594,success,,,Execution checks passed. Semantic review is disabled; use the separate grader.,not_requested,,90d1bdadf3544871b798ad73d5ab0bd4,moonshotai.kimi-k2-thinking,64080,5275,52736.0,59.57059872300124,5,0,0
aop-improvement8-v3,wealth_management_125_question_benchmark:WM125-1T-010,What category and sector focus is investor INV-090 associated with?,"[{""category"": ""Real Estate"", ""sector_focus"": ""Private Equity, Pharma""}]",Easy,Investor and portfolio lookup,Direct Retrieval,wealth_management_125_question_benchmark.csv,Benchmark,"[{""category"": ""Real Estate"", ""sector_focus"": ""Private Equity, Pharma""}]",PIPELINE_SUCCESS,,Final result executed successfully; answer correctness is recorded separately by review/grading.,2026-10-06T13:20:33,73.709,success,,,Execution checks passed. Semantic review is disabled; use the separate grader.,not_requested,,90d1bdadf3544871b798ad73d5ab0bd4,moonshotai.kimi-k2-thinking,64365,7482,52768.0,73.67783288900137,5,0,0
aop-improvement8-v3,wealth_management_125_question_benchmark:WM125-1T-011,"What are the risk, liquidity, and diversification scores of investor INV-091?","[{""risk_score"": 94.137843, ""liquidity_score"": 52.170767, ""diversification_score"": 77.433519}]",Easy,Investor and portfolio lookup,Direct Retrieval,wealth_management_125_question_benchmark.csv,Benchmark,"[{""risk_score"": 94.13784267979355, ""liquidity_score"": 52.17076727761114, ""diversification_score"": 77.43351938969394}]",PIPELINE_SUCCESS,,Final result executed successfully; answer correctness is recorded separately by review/grading.,2026-10-06T13:21:46,79.756,success,,,Execution checks passed. Semantic review is disabled; use the separate grader.,not_requested,,90d1bdadf3544871b798ad73d5ab0bd4,moonshotai.kimi-k2-thinking,65077,8412,52704.0,79.72916949899991,5,0,0
aop-improvement8-v3,wealth_management_125_question_benchmark:WM125-1T-012,What is the goal-match percentage of investor INV-092?,"[{""goal_match_pct"": 90.357417}]",Easy,Investor and portfolio lookup,Direct Retrieval,wealth_management_125_question_benchmark.csv,Benchmark,"[{""goal_match_pct"": 90.35741735824853}]",PIPELINE_SUCCESS,,Final result executed successfully; answer correctness is recorded separately by review/grading.,2026-10-06T13:23:06,92.557,success,,,Execution checks passed. Semantic review is disabled; use the separate grader.,not_requested,,90d1bdadf3544871b798ad73d5ab0bd4,moonshotai.kimi-k2-thinking,63283,9092,,92.53868401499858,5,0,0
aop-improvement8-v3,wealth_management_125_question_benchmark:WM125-1T-013,What is the name of investor INV-093?,"[{""investor_name"": ""Anand Gupta""}]",Easy,Investor and portfolio lookup,Direct Retrieval,wealth_management_125_question_benchmark.csv,Benchmark,"[{""investor_name"": ""Anand Gupta""}]",PIPELINE_SUCCESS,,Final result executed successfully; answer correctness is recorded separately by review/grading.,2026-10-06T13:24:39,135.772,success,,,Execution checks passed. Semantic review is disabled; use the separate grader.,not_requested,,90d1bdadf3544871b798ad73d5ab0bd4,moonshotai.kimi-k2-thinking,64057,5206,52704.0,135.7497107770032,5,0,0
aop-improvement8-v3,wealth_management_125_question_benchmark:WM125-1T-014,What are the risk tolerance and time horizon of investor INV-094?,"[{""risk_tolerance"": ""Aggressive"", ""time_horizon"": ""Medium-term""}]",Easy,Investor and portfolio lookup,Direct Retrieval,wealth_management_125_question_benchmark.csv,Benchmark,"[{""risk_tolerance"": ""Aggressive"", ""time_horizon"": ""Medium-term""}]",PIPELINE_SUCCESS,,Final result executed successfully; answer correctness is recorded separately by review/grading.,2026-10-06T13:26:55,31.138,success,,,Execution checks passed. Semantic review is disabled; use the separate grader.,not_requested,,90d1bdadf3544871b798ad73d5ab0bd4,moonshotai.kimi-k2-thinking,64374,3945,52736.0,31.115919242000018,5,0,0
aop-improvement8-v3,wealth_management_125_question_benchmark:WM125-1T-015,What is the investment goal and segment of investor INV-095?,"[{""investment_goal"": ""Wealth Preservation"", ""segment"": ""Diversified""}]",Easy,Investor and portfolio lookup,Direct Retrieval,wealth_management_125_question_benchmark.csv,Benchmark,"[{""investment_goal"": ""Wealth Preservation"", ""segment"": ""Diversified""}]",PIPELINE_SUCCESS,,Final result executed successfully; answer correctness is recorded separately by review/grading.,2026-10-06T13:27:26,43.081,success,,,Execution checks passed. Semantic review is disabled; use the separate grader.,not_requested,,90d1bdadf3544871b798ad73d5ab0bd4,moonshotai.kimi-k2-thinking,64096,5546,52704.0,43.0585505020008,5,0,0
aop-improvement8-v3,wealth_management_125_question_benchmark:WM125-1T-016,What category and sector focus is investor INV-096 associated with?,"[{""category"": ""Debt"", ""sector_focus"": ""Consumer Goods, Private Equity, Automobile""}]",Easy,Investor and portfolio lookup,Direct Retrieval,wealth_management_125_question_benchmark.csv,Benchmark,Final ranking must preserve interpreted limit.,FINAL_SPEC_ERROR,,The pipeline stopped before completing an executable final result.,2026-10-06T13:28:09,50.982,success,,False,Final ranking must preserve interpreted limit.,not_reached,Final_Spec,90d1bdadf3544871b798ad73d5ab0bd4,moonshotai.kimi-k2-thinking,106253,6382,85824.0,50.945338260000426,8,0,0
aop-improvement8-v3,wealth_management_125_question_benchmark:WM125-1T-017,"What are the risk, liquidity, and diversification scores of investor INV-097?","[{""risk_score"": 63.717536, ""liquidity_score"": 49.266554, ""diversification_score"": 62.234816}]",Easy,Investor and portfolio lookup,Direct Retrieval,wealth_management_125_question_benchmark.csv,Benchmark,"[{""risk_score"": 63.71753581233385, ""liquidity_score"": 49.2665535108973, ""diversification_score"": 62.23481552599426}]",PIPELINE_SUCCESS,,Final result executed successfully; answer correctness is recorded separately by review/grading.,2026-10-06T13:29:00,66.649,success,,,Execution checks passed. Semantic review is disabled; use the separate grader.,not_requested,,90d1bdadf3544871b798ad73d5ab0bd4,moonshotai.kimi-k2-thinking,64686,9337,52704.0,66.62739598199914,5,0,0
aop-improvement8-v3,wealth_management_125_question_benchmark:WM125-1T-018,What is the goal-match percentage of investor INV-098?,"[{""goal_match_pct"": 29.801246}]",Easy,Investor and portfolio lookup,Direct Retrieval,wealth_management_125_question_benchmark.csv,Benchmark,"[{""goal_match_pct"": 29.801246392358763}]",PIPELINE_SUCCESS,,Final result executed successfully; answer correctness is recorded separately by review/grading.,2026-10-06T13:30:06,69.803,success,,,Execution checks passed. Semantic review is disabled; use the separate grader.,not_requested,,90d1bdadf3544871b798ad73d5ab0bd4,moonshotai.kimi-k2-thinking,63338,9308,52704.0,69.77973021100115,5,0,0
aop-improvement8-v3,wealth_management_125_question_benchmark:WM125-1T-019,What is the name of investor INV-099?,"[{""investor_name"": ""Anita Deshmukh""}]",Easy,Investor and portfolio lookup,Direct Retrieval,wealth_management_125_question_benchmark.csv,Benchmark,Final ranking must preserve interpreted limit.,FINAL_SPEC_ERROR,,The pipeline stopped before completing an executable final result.,2026-10-06T13:31:16,67.746,success,,False,Final ranking must preserve interpreted limit.,not_reached,Final_Spec,90d1bdadf3544871b798ad73d5ab0bd4,moonshotai.kimi-k2-thinking,105516,8578,85536.0,67.71460944899991,8,0,0
aop-improvement8-v3,wealth_management_125_question_benchmark:WM125-1T-020,What are the risk tolerance and time horizon of investor INV-100?,"[{""risk_tolerance"": ""Moderate"", ""time_horizon"": ""Long-term""}]",Easy,Investor and portfolio lookup,Direct Retrieval,wealth_management_125_question_benchmark.csv,Benchmark,"[{""risk_tolerance"": ""Moderate"", ""time_horizon"": ""Long-term""}]",PIPELINE_SUCCESS,,Final result executed successfully; answer correctness is recorded separately by review/grading.,2026-10-06T13:32:24,43.558,success,,,Execution checks passed. Semantic review is disabled; use the separate grader.,not_requested,,90d1bdadf3544871b798ad73d5ab0bd4,moonshotai.kimi-k2-thinking,64381,5731,52768.0,43.53603118800129,5,0,0
aop-improvement8-v3,wealth_management_125_question_benchmark:WM125-1T-021,What is the investment goal and segment of investor INV-1000?,"[{""investment_goal"": ""Retirement Planning"", ""segment"": ""Large Cap""}]",Easy,Investor and portfolio lookup,Direct Retrieval,wealth_management_125_question_benchmark.csv,Benchmark,"[{""investment_goal"": ""Retirement Planning"", ""segment"": ""Large Cap""}]",PIPELINE_SUCCESS,,Final result executed successfully; answer correctness is recorded separately by review/grading.,2026-10-06T13:33:08,36.86,success,,,Execution checks passed. Semantic review is disabled; use the separate grader.,not_requested,,90d1bdadf3544871b798ad73d5ab0bd4,moonshotai.kimi-k2-thinking,64457,4844,52768.0,36.827356941999824,5,0,0
aop-improvement8-v3,wealth_management_125_question_benchmark:WM125-1T-022,What category and sector focus is investor INV-1001 associated with?,"[{""category"": ""Gold"", ""sector_focus"": ""Banking, Technology, Pharma""}]",Easy,Investor and portfolio lookup,Direct Retrieval,wealth_management_125_question_benchmark.csv,Benchmark,"[{""category"": ""Gold"", ""sector_focus"": ""Banking, Technology, Pharma""}]",PIPELINE_SUCCESS,,Final result executed successfully; answer correctness is recorded separately by review/grading.,2026-10-06T13:33:44,36.836,success,,,Execution checks passed. Semantic review is disabled; use the separate grader.,not_requested,,90d1bdadf3544871b798ad73d5ab0bd4,moonshotai.kimi-k2-thinking,64122,4742,52768.0,36.81242185799965,5,0,0
aop-improvement8-v3,wealth_management_125_question_benchmark:WM125-1T-023,"What are the risk, liquidity, and diversification scores of investor INV-1002?","[{""risk_score"": 0.0, ""liquidity_score"": 0.0, ""diversification_score"": 0.0}]",Easy,Investor and portfolio lookup,Direct Retrieval,wealth_management_125_question_benchmark.csv,Benchmark,"[{""risk_score"": 0.0, ""liquidity_score"": 0.0, ""diversification_score"": 0.0}]",PIPELINE_SUCCESS,,Final result executed successfully; answer correctness is recorded separately by review/grading.,2026-10-06T13:34:21,91.247,success,,,Execution checks passed. Semantic review is disabled; use the separate grader.,not_requested,,90d1bdadf3544871b798ad73d5ab0bd4,moonshotai.kimi-k2-thinking,88687,10552,76544.0,91.22145216899844,6,0,0
aop-improvement8-v3,wealth_management_125_question_benchmark:WM125-1T-024,What is the goal-match percentage of investor INV-1003?,"[{""goal_match_pct"": 50.0}]",Easy,Investor and portfolio lookup,Direct Retrieval,wealth_management_125_question_benchmark.csv,Benchmark,"[{""goal_match_pct"": 50.0}]",PIPELINE_SUCCESS,,Final result executed successfully; answer correctness is recorded separately by review/grading.,2026-10-06T13:35:53,71.647,success,,,Execution checks passed. Semantic review is disabled; use the separate grader.,not_requested,,90d1bdadf3544871b798ad73d5ab0bd4,moonshotai.kimi-k2-thinking,63207,7480,52736.0,71.62187951499982,5,0,0
aop-improvement8-v3,wealth_management_125_question_benchmark:WM125-1T-025,What is the name of investor INV-1004?,"[{""investor_name"": ""Abhishek Hegde""}]",Easy,Investor and portfolio lookup,Direct Retrieval,wealth_management_125_question_benchmark.csv,Benchmark,Final ranking must preserve interpreted limit.,FINAL_SPEC_ERROR,,The pipeline stopped before completing an executable final result.,2026-10-06T13:37:04,67.363,success,,False,Final ranking must preserve interpreted limit.,not_reached,Final_Spec,90d1bdadf3544871b798ad73d5ab0bd4,moonshotai.kimi-k2-thinking,106601,7794,85952.0,67.3296757750013,8,0,0
aop-improvement8-v3,wealth_management_125_question_benchmark:WM125-1T-026,What are the risk tolerance and time horizon of investor INV-1005?,"[{""risk_tolerance"": ""Moderate"", ""time_horizon"": ""Long-term""}]",Easy,Investor and portfolio lookup,Direct Retrieval,wealth_management_125_question_benchmark.csv,Benchmark,"[{""risk_tolerance"": ""Moderate"", ""time_horizon"": ""Long-term""}]",PIPELINE_SUCCESS,,Final result executed successfully; answer correctness is recorded separately by review/grading.,2026-10-06T13:38:12,46.115,success,,,Execution checks passed. Semantic review is disabled; use the separate grader.,not_requested,,90d1bdadf3544871b798ad73d5ab0bd4,moonshotai.kimi-k2-thinking,64419,5302,52736.0,46.083936680997795,5,0,0
aop-improvement8-v3,wealth_management_125_question_benchmark:WM125-1T-027,What is the investment goal and segment of investor INV-1006?,"[{""investment_goal"": ""Wealth Preservation"", ""segment"": ""Diversified""}]",Easy,Investor and portfolio lookup,Direct Retrieval,wealth_management_125_question_benchmark.csv,Benchmark,"[{""investment_goal"": ""Wealth Preservation"", ""segment"": ""Diversified""}]",PIPELINE_SUCCESS,,Final result executed successfully; answer correctness is recorded separately by review/grading.,2026-10-06T13:38:58,83.138,success,,,Execution checks passed. Semantic review is disabled; use the separate grader.,not_requested,,90d1bdadf3544871b798ad73d5ab0bd4,moonshotai.kimi-k2-thinking,88215,9393,76512.0,83.11150486899714,6,0,0
