Sample Row ID,Question,Ground Truth,Difficulty,Category,Query Type,Source CSV
wealth_management_multi_step_comparative_105_questions:MC-006,"Across category, how do holding value and holding gain compare using two related tables?","[{""category"":null,""avg_holding_value"":6738916.76,""avg_holding_gain"":2132093.45},{""category"":""Debt"",""avg_holding_value"":8445123.62,""avg_holding_gain"":3496438.37},{""category"":""Equity"",""avg_holding_value"":7489841.63,""avg_holding_gain"":2992201.01},{""category"":""Gold"",""avg_holding_value"":8173942.74,""avg_holding_gain"":3789306.43},{""category"":""Hybrid"",""avg_holding_value"":9897724.92,""avg_holding_gain"":4975031.31},{""category"":""Real Estate"",""avg_holding_value"":7437500.82,""avg_holding_gain"":2898414.74}]",Medium,Two-table comparative bridge,Comparative,wealth_management_multi_step_comparative_105_questions.csv
wealth_management_multi_step_comparative_105_questions:MC-008,"Across segment, how do health scores compare using two related tables?","[{""segment"":null,""avg_risk_score"":45.47,""avg_liquidity_score"":47.87,""avg_diversification_score"":52.26},{""segment"":""Diversified"",""avg_risk_score"":49.16,""avg_liquidity_score"":49.89,""avg_diversification_score"":49.31},{""segment"":""Large Cap"",""avg_risk_score"":50.19,""avg_liquidity_score"":50.03,""avg_diversification_score"":49.63},{""segment"":""Mid Cap"",""avg_risk_score"":50.26,""avg_liquidity_score"":50.05,""avg_diversification_score"":50.3},{""segment"":""Small Cap"",""avg_risk_score"":52.66,""avg_liquidity_score"":48.7,""avg_diversification_score"":50.3}]",Medium,Two-table comparative bridge,Comparative,wealth_management_multi_step_comparative_105_questions.csv
wealth_management_multi_step_comparative_105_questions:MC-009,"Across category, how do allocation concentration compare using two related tables?","[{""category"":null,""avg_max_allocation_pct"":13.71,""avg_sector_investment"":814471.57},{""category"":""Debt"",""avg_max_allocation_pct"":16.28,""avg_sector_investment"":908908.06},{""category"":""Equity"",""avg_max_allocation_pct"":17.14,""avg_sector_investment"":905053.87},{""category"":""Gold"",""avg_max_allocation_pct"":17.81,""avg_sector_investment"":916942.24},{""category"":""Hybrid"",""avg_max_allocation_pct"":17.45,""avg_sector_investment"":871898.92},{""category"":""Real Estate"",""avg_max_allocation_pct"":17.83,""avg_sector_investment"":992481.27}]",Medium,Two-table comparative bridge,Comparative,wealth_management_multi_step_comparative_105_questions.csv
wealth_management_multi_step_comparative_105_questions:MC-010,"Across risk_tolerance, how do rebalancing action amount and gap compare using two related tables?","[{""risk_tolerance"":null,""avg_total_rebalance_amount"":415032.17,""avg_rebalance_gap"":0.43},{""risk_tolerance"":""Aggressive"",""avg_total_rebalance_amount"":405853.84,""avg_rebalance_gap"":-1.29},{""risk_tolerance"":""Conservative"",""avg_total_rebalance_amount"":414995.35,""avg_rebalance_gap"":1.75},{""risk_tolerance"":""Moderate"",""avg_total_rebalance_amount"":396592.36,""avg_rebalance_gap"":-1.76}]",Medium,Two-table comparative bridge,Comparative,wealth_management_multi_step_comparative_105_questions.csv
wealth_management_multi_step_comparative_105_questions:MC-011,"Across time_horizon, how do scenario allocation change compare using two related tables?","[{""time_horizon"":null,""avg_scenario_change"":0.63,""avg_max_scenario_change"":7.35},{""time_horizon"":""Long-term"",""avg_scenario_change"":-1.25,""avg_max_scenario_change"":8.22},{""time_horizon"":""Medium-term"",""avg_scenario_change"":-0.81,""avg_max_scenario_change"":8.03},{""time_horizon"":""Short-term"",""avg_scenario_change"":-2.29,""avg_max_scenario_change"":7.09}]",Medium,Two-table comparative bridge,Comparative,wealth_management_multi_step_comparative_105_questions.csv
wealth_management_multi_step_comparative_105_questions:MC-012,"Across investment_goal, how do cash flow compare using two related tables?","[{""investment_goal"":null,""avg_progress_pct"":37.87,""avg_net_cash_flow"":1975561.72},{""investment_goal"":""Child Education"",""avg_progress_pct"":37.81,""avg_net_cash_flow"":1932995.1},{""investment_goal"":""Emergency Fund"",""avg_progress_pct"":40.9,""avg_net_cash_flow"":865138.04},{""investment_goal"":""Growth"",""avg_progress_pct"":39.14,""avg_net_cash_flow"":989732.37},{""investment_goal"":""Income Generation"",""avg_progress_pct"":36.45,""avg_net_cash_flow"":1575880.05},{""investment_goal"":""Retirement Planning"",""avg_progress_pct"":38.39,""avg_net_cash_flow"":582748.97},{""investment_goal"":""Wealth Preservation"",""avg_progress_pct"":38.18,""avg_net_cash_flow"":1346030.78}]",Medium,Two-table comparative bridge,Comparative,wealth_management_multi_step_comparative_105_questions.csv
wealth_management_multi_step_comparative_105_questions:MC-013,"Across investment_type, how do health scores compare using two related tables?","[{""investment_type"":null,""avg_returns_pct"":40.82,""avg_risk_score"":49.25},{""investment_type"":""Corporate Bond"",""avg_returns_pct"":53.84,""avg_risk_score"":50.37},{""investment_type"":""ETF"",""avg_returns_pct"":71.64,""avg_risk_score"":49.9},{""investment_type"":""Equity"",""avg_returns_pct"":65.09,""avg_risk_score"":47.86},{""investment_type"":""Global Equity"",""avg_returns_pct"":80.23,""avg_risk_score"":50.93},{""investment_type"":""Gold"",""avg_returns_pct"":100.86,""avg_risk_score"":50.89},{""investment_type"":""Government Bond"",""avg_returns_pct"":79.87,""avg_risk_score"":50.94},{""investment_type"":""Hedge Fund"",""avg_returns_pct"":100.12,""avg_risk_score"":50.65},{""investment_type"":""InVIT"",""avg_returns_pct"":55.22,""avg_risk_score"":49.18},{""investment_type"":""Index Fund"",""avg_returns_pct"":59.21,""avg_risk_score"":49.86},{""investment_type"":""Mutual Fund"",""avg_returns_pct"":83.18,""avg_risk_score"":47.14},{""investment_type"":""Private Equity"",""avg_returns_pct"":97.98,""avg_risk_score"":48.41},{""investment_type"":""REIT"",""avg_returns_pct"":89.28,""avg_risk_score"":51.29},{""investment_type"":""Real Estate"",""avg_returns_pct"":65.24,""avg_risk_score"":50.76},{""investment_type"":""Venture Capital"",""avg_returns_pct"":65.55,""avg_risk_score"":49.77}]",Medium,Two-table comparative bridge,Comparative,wealth_management_multi_step_comparative_105_questions.csv
wealth_management_multi_step_comparative_105_questions:MC-014,"Across cash-flow type, how do rebalancing amount compare using two related tables?","[{""type"":null,""avg_type_net_amount"":2847.63,""avg_rebalance_amount"":397198.33},{""type"":""Deposit"",""avg_type_net_amount"":176450.98,""avg_rebalance_amount"":411172.08},{""type"":""Dividend Reinvestment"",""avg_type_net_amount"":810952.88,""avg_rebalance_amount"":416853.08},{""type"":""Interest Credit"",""avg_type_net_amount"":325461.15,""avg_rebalance_amount"":404758.23},{""type"":""Lump Sum"",""avg_type_net_amount"":1086849.29,""avg_rebalance_amount"":409027.34},{""type"":""Redemption"",""avg_type_net_amount"":-507378.48,""avg_rebalance_amount"":404057.85},{""type"":""SIP"",""avg_type_net_amount"":482742.4,""avg_rebalance_amount"":410207.37},{""type"":""Tax Refund"",""avg_type_net_amount"":1114323.82,""avg_rebalance_amount"":398351.21},{""type"":""Withdrawal"",""avg_type_net_amount"":-504167.14,""avg_rebalance_amount"":408890.15}]",Medium,Two-table comparative bridge,Comparative,wealth_management_multi_step_comparative_105_questions.csv
wealth_management_multi_step_comparative_105_questions:MC-016,"Across rebalance logic, how do scenario change compare using two related tables?","[{""logic"":null,""avg_rebalance_gap"":-3.3,""avg_scenario_change"":1.1},{""logic"":""Automated Trigger"",""avg_rebalance_gap"":-1.37,""avg_scenario_change"":1.72},{""logic"":""Calendar-based"",""avg_rebalance_gap"":-1.7,""avg_scenario_change"":1.27},{""logic"":""Manual Override"",""avg_rebalance_gap"":-1.41,""avg_scenario_change"":-2.99},{""logic"":""Mean-reversion"",""avg_rebalance_gap"":-2.85,""avg_scenario_change"":-0.98},{""logic"":""Momentum-driven"",""avg_rebalance_gap"":2.36,""avg_scenario_change"":0.63},{""logic"":""Risk-parity"",""avg_rebalance_gap"":-1.9,""avg_scenario_change"":-2.89},{""logic"":""Scenario-based"",""avg_rebalance_gap"":1.83,""avg_scenario_change"":-4.41},{""logic"":""Tactical"",""avg_rebalance_gap"":-1.08,""avg_scenario_change"":-0.69},{""logic"":""Threshold-based"",""avg_rebalance_gap"":-5.78,""avg_scenario_change"":-0.38},{""logic"":""Valuation-based"",""avg_rebalance_gap"":3.29,""avg_scenario_change"":-2.71}]",Medium,Two-table comparative bridge,Comparative,wealth_management_multi_step_comparative_105_questions.csv
wealth_management_multi_step_comparative_105_questions:MC-018,"Across cash source, how do scenario change compare using two related tables?","[{""source"":null,""avg_net_cash_flow"":1527.07,""avg_scenario_change"":-1.24},{""source"":""Auto-debit"",""avg_net_cash_flow"":-283160.82,""avg_scenario_change"":-2.09},{""source"":""Bank Transfer"",""avg_net_cash_flow"":540943.01,""avg_scenario_change"":-1.38},{""source"":""Cash"",""avg_net_cash_flow"":268279.52,""avg_scenario_change"":-3.73},{""source"":""Cheque"",""avg_net_cash_flow"":-266996.26,""avg_scenario_change"":-3.48},{""source"":""Credit Card"",""avg_net_cash_flow"":1644.06,""avg_scenario_change"":1.7},{""source"":""Internal Transfer"",""avg_net_cash_flow"":558743.07,""avg_scenario_change"":-0.15},{""source"":""Net Banking"",""avg_net_cash_flow"":1299.61,""avg_scenario_change"":-1.73},{""source"":""Systematic"",""avg_net_cash_flow"":501710.57,""avg_scenario_change"":-1.5},{""source"":""UPI"",""avg_net_cash_flow"":568174.16,""avg_scenario_change"":-2.4},{""source"":""Wallet"",""avg_net_cash_flow"":1844.21,""avg_scenario_change"":0.86}]",Medium,Two-table comparative bridge,Comparative,wealth_management_multi_step_comparative_105_questions.csv
wealth_management_multi_step_comparative_105_questions:MC-019,"Across risk_tolerance, how do goal progress, health risk, and liquidity compare using three related tables?","[{""group_value"":null,""avg_progress_pct"":46.45,""avg_risk_score"":55.31,""avg_liquidity_score"":55.9},{""group_value"":""Aggressive"",""avg_progress_pct"":39.76,""avg_risk_score"":49.12,""avg_liquidity_score"":47.17},{""group_value"":""Conservative"",""avg_progress_pct"":38.25,""avg_risk_score"":51.7,""avg_liquidity_score"":50.85},{""group_value"":""Moderate"",""avg_progress_pct"":41.21,""avg_risk_score"":49.29,""avg_liquidity_score"":49.69}]",Hard,Three-table multi-step comparative,Multi-step Comparative,wealth_management_multi_step_comparative_105_questions.csv
wealth_management_multi_step_comparative_105_questions:MC-020,"Across risk_tolerance, how do holding gain, health risk, and diversification compare using three related tables?","[{""group_value"":null,""avg_holding_gain"":5072018.61,""avg_risk_score"":55.31,""avg_diversification_score"":55.79},{""group_value"":""Aggressive"",""avg_holding_gain"":3274142.41,""avg_risk_score"":49.12,""avg_diversification_score"":49.05},{""group_value"":""Conservative"",""avg_holding_gain"":2862123.22,""avg_risk_score"":51.7,""avg_diversification_score"":49.91},{""group_value"":""Moderate"",""avg_holding_gain"":4344139.71,""avg_risk_score"":49.29,""avg_diversification_score"":50.18}]",Hard,Three-table multi-step comparative,Multi-step Comparative,wealth_management_multi_step_comparative_105_questions.csv
wealth_management_multi_step_comparative_105_questions:MC-021,"Across risk_tolerance, how do cash-flow net amount, goal progress, and shortfall compare using three related tables?","[{""group_value"":null,""avg_net_cash_flow"":7844.03,""avg_progress_pct"":46.45,""avg_shortfall"":18627483.33},{""group_value"":""Aggressive"",""avg_net_cash_flow"":1652919.38,""avg_progress_pct"":39.76,""avg_shortfall"":23218312.17},{""group_value"":""Conservative"",""avg_net_cash_flow"":1600495.38,""avg_progress_pct"":38.25,""avg_shortfall"":23686380.49},{""group_value"":""Moderate"",""avg_net_cash_flow"":1037620.49,""avg_progress_pct"":41.21,""avg_shortfall"":22760174.64}]",Hard,Three-table multi-step comparative,Multi-step Comparative,wealth_management_multi_step_comparative_105_questions.csv
wealth_management_multi_step_comparative_105_questions:MC-022,"Across risk_tolerance, how do allocation concentration, holding return, and holding value compare using three related tables?","[{""group_value"":null,""avg_max_allocation_pct"":16.97,""avg_returns_pct"":93.46,""avg_holding_value"":10459250.55},{""group_value"":""Aggressive"",""avg_max_allocation_pct"":17.01,""avg_returns_pct"":72.44,""avg_holding_value"":7772076.82},{""group_value"":""Conservative"",""avg_max_allocation_pct"":16.86,""avg_returns_pct"":67.15,""avg_holding_value"":7365637.73},{""group_value"":""Moderate"",""avg_max_allocation_pct"":17.48,""avg_returns_pct"":86.03,""avg_holding_value"":9186349.25}]",Hard,Three-table multi-step comparative,Multi-step Comparative,wealth_management_multi_step_comparative_105_questions.csv
wealth_management_multi_step_comparative_105_questions:MC-023,"Across risk_tolerance, how do rebalancing amount, cash flow, and transaction count compare using three related tables?","[{""group_value"":null,""avg_net_cash_flow"":7586.86,""avg_transaction_count"":5.05,""avg_rebalance_amount"":415032.17},{""group_value"":""Aggressive"",""avg_net_cash_flow"":1386028.27,""avg_transaction_count"":5.06,""avg_rebalance_amount"":405853.84},{""group_value"":""Conservative"",""avg_net_cash_flow"":1820922.37,""avg_transaction_count"":5.05,""avg_rebalance_amount"":414995.35},{""group_value"":""Moderate"",""avg_net_cash_flow"":1169578.36,""avg_transaction_count"":5.05,""avg_rebalance_amount"":396592.36}]",Hard,Three-table multi-step comparative,Multi-step Comparative,wealth_management_multi_step_comparative_105_questions.csv
wealth_management_multi_step_comparative_105_questions:MC-024,"Across risk_tolerance, how do scenario change, goal progress, and volatility compare using three related tables?","[{""group_value"":null,""avg_scenario_change"":-0.71,""avg_progress_pct"":49.93,""avg_volatility_pct"":13.53},{""group_value"":""Aggressive"",""avg_scenario_change"":-1.85,""avg_progress_pct"":39.69,""avg_volatility_pct"":14.72},{""group_value"":""Conservative"",""avg_scenario_change"":-2.22,""avg_progress_pct"":37.99,""avg_volatility_pct"":14.33},{""group_value"":""Moderate"",""avg_scenario_change"":0.07,""avg_progress_pct"":40.13,""avg_volatility_pct"":14.09}]",Hard,Three-table multi-step comparative,Multi-step Comparative,wealth_management_multi_step_comparative_105_questions.csv
wealth_management_multi_step_comparative_105_questions:MC-025,"Across risk_tolerance, how do scenario change, rebalancing gap, and rebalancing amount compare using three related tables?","[{""group_value"":null,""avg_scenario_change"":-1.66,""avg_rebalance_gap"":3.53,""avg_rebalance_amount"":399232.81},{""group_value"":""Aggressive"",""avg_scenario_change"":-1.91,""avg_rebalance_gap"":-0.47,""avg_rebalance_amount"":406728.34},{""group_value"":""Conservative"",""avg_scenario_change"":-2.49,""avg_rebalance_gap"":1.26,""avg_rebalance_amount"":406759.18},{""group_value"":""Moderate"",""avg_scenario_change"":-0.47,""avg_rebalance_gap"":-3.01,""avg_rebalance_amount"":406075.91}]",Hard,Three-table multi-step comparative,Multi-step Comparative,wealth_management_multi_step_comparative_105_questions.csv
wealth_management_multi_step_comparative_105_questions:MC-026,"Across risk_tolerance, how do cash-flow net amount, scenario change, and scenario count compare using three related tables?","[{""group_value"":null,""avg_net_cash_flow"":6666.76,""avg_scenario_change"":-0.71,""avg_scenario_count"":1.76},{""group_value"":""Aggressive"",""avg_net_cash_flow"":6677.14,""avg_scenario_change"":-1.85,""avg_scenario_count"":1.6},{""group_value"":""Conservative"",""avg_net_cash_flow"":1264774.64,""avg_scenario_change"":-2.22,""avg_scenario_count"":1.53},{""group_value"":""Moderate"",""avg_net_cash_flow"":1003173.45,""avg_scenario_change"":0.07,""avg_scenario_count"":1.6}]",Hard,Three-table multi-step comparative,Multi-step Comparative,wealth_management_multi_step_comparative_105_questions.csv
wealth_management_multi_step_comparative_105_questions:MC-027,"Across time_horizon, how do goal progress, health risk, and liquidity compare using three related tables?","[{""group_value"":null,""avg_progress_pct"":42.13,""avg_risk_score"":46.33,""avg_liquidity_score"":44.52},{""group_value"":""Long-term"",""avg_progress_pct"":40.22,""avg_risk_score"":48.98,""avg_liquidity_score"":50.39},{""group_value"":""Medium-term"",""avg_progress_pct"":39.98,""avg_risk_score"":51.61,""avg_liquidity_score"":47.8},{""group_value"":""Short-term"",""avg_progress_pct"":39.66,""avg_risk_score"":51.08,""avg_liquidity_score"":51.32}]",Hard,Three-table multi-step comparative,Multi-step Comparative,wealth_management_multi_step_comparative_105_questions.csv
wealth_management_multi_step_comparative_105_questions:MC-028,"Across time_horizon, how do holding gain, health risk, and diversification compare using three related tables?","[{""group_value"":null,""avg_holding_gain"":4781952.94,""avg_risk_score"":46.33,""avg_diversification_score"":49.15},{""group_value"":""Long-term"",""avg_holding_gain"":3694674.33,""avg_risk_score"":48.98,""avg_diversification_score"":49.47},{""group_value"":""Medium-term"",""avg_holding_gain"":3182292.25,""avg_risk_score"":51.61,""avg_diversification_score"":47.54},{""group_value"":""Short-term"",""avg_holding_gain"":3621147.02,""avg_risk_score"":51.08,""avg_diversification_score"":53.09}]",Hard,Three-table multi-step comparative,Multi-step Comparative,wealth_management_multi_step_comparative_105_questions.csv
wealth_management_multi_step_comparative_105_questions:MC-029,"Across time_horizon, how do cash-flow net amount, goal progress, and shortfall compare using three related tables?","[{""group_value"":null,""avg_net_cash_flow"":1305239.48,""avg_progress_pct"":42.13,""avg_shortfall"":26236751.87},{""group_value"":""Long-term"",""avg_net_cash_flow"":1029435.71,""avg_progress_pct"":40.22,""avg_shortfall"":22738558.95},{""group_value"":""Medium-term"",""avg_net_cash_flow"":1649318.64,""avg_progress_pct"":39.98,""avg_shortfall"":22984243.38},{""group_value"":""Short-term"",""avg_net_cash_flow"":1415496.47,""avg_progress_pct"":39.66,""avg_shortfall"":22761746.7}]",Hard,Three-table multi-step comparative,Multi-step Comparative,wealth_management_multi_step_comparative_105_questions.csv
wealth_management_multi_step_comparative_105_questions:MC-030,"Across time_horizon, how do allocation concentration, holding return, and holding value compare using three related tables?","[{""group_value"":null,""avg_max_allocation_pct"":16.18,""avg_returns_pct"":111.83,""avg_holding_value"":9256000.18},{""group_value"":""Long-term"",""avg_max_allocation_pct"":17.59,""avg_returns_pct"":81.18,""avg_holding_value"":8476172.69},{""group_value"":""Medium-term"",""avg_max_allocation_pct"":17.64,""avg_returns_pct"":68.6,""avg_holding_value"":7810071.33},{""group_value"":""Short-term"",""avg_max_allocation_pct"":16.27,""avg_returns_pct"":72.68,""avg_holding_value"":8197553.59}]",Hard,Three-table multi-step comparative,Multi-step Comparative,wealth_management_multi_step_comparative_105_questions.csv
wealth_management_multi_step_comparative_105_questions:MC-031,"Across time_horizon, how do rebalancing amount, cash flow, and transaction count compare using three related tables?","[{""group_value"":null,""avg_net_cash_flow"":1498722.06,""avg_transaction_count"":5.03,""avg_rebalance_amount"":445694.88},{""group_value"":""Long-term"",""avg_net_cash_flow"":1138071.93,""avg_transaction_count"":5.06,""avg_rebalance_amount"":400132.54},{""group_value"":""Medium-term"",""avg_net_cash_flow"":1862765.52,""avg_transaction_count"":5.05,""avg_rebalance_amount"":386788.99},{""group_value"":""Short-term"",""avg_net_cash_flow"":1169905.13,""avg_transaction_count"":5.05,""avg_rebalance_amount"":425999.62}]",Hard,Three-table multi-step comparative,Multi-step Comparative,wealth_management_multi_step_comparative_105_questions.csv
wealth_management_multi_step_comparative_105_questions:MC-032,"Across time_horizon, how do scenario change, goal progress, and volatility compare using three related tables?","[{""group_value"":null,""avg_scenario_change"":0.63,""avg_progress_pct"":42.57,""avg_volatility_pct"":15.5},{""group_value"":""Long-term"",""avg_scenario_change"":-1.25,""avg_progress_pct"":40.53,""avg_volatility_pct"":14.57},{""group_value"":""Medium-term"",""avg_scenario_change"":-0.81,""avg_progress_pct"":39.1,""avg_volatility_pct"":14.04},{""group_value"":""Short-term"",""avg_scenario_change"":-2.29,""avg_progress_pct"":39.26,""avg_volatility_pct"":14.21}]",Hard,Three-table multi-step comparative,Multi-step Comparative,wealth_management_multi_step_comparative_105_questions.csv
wealth_management_multi_step_comparative_105_questions:MC-033,"Across time_horizon, how do scenario change, rebalancing gap, and rebalancing amount compare using three related tables?","[{""group_value"":null,""avg_scenario_change"":-1.4,""avg_rebalance_gap"":-4.38,""avg_rebalance_amount"":452996.38},{""group_value"":""Long-term"",""avg_scenario_change"":-0.82,""avg_rebalance_gap"":-2.05,""avg_rebalance_amount"":401045.43},{""group_value"":""Medium-term"",""avg_scenario_change"":-1.16,""avg_rebalance_gap"":0.98,""avg_rebalance_amount"":392840.72},{""group_value"":""Short-term"",""avg_scenario_change"":-3.14,""avg_rebalance_gap"":0.37,""avg_rebalance_amount"":417474.67}]",Hard,Three-table multi-step comparative,Multi-step Comparative,wealth_management_multi_step_comparative_105_questions.csv
wealth_management_multi_step_comparative_105_questions:MC-034,"Across time_horizon, how do cash-flow net amount, scenario change, and scenario count compare using three related tables?","[{""group_value"":null,""avg_net_cash_flow"":6285.33,""avg_scenario_change"":0.63,""avg_scenario_count"":1.46},{""group_value"":""Long-term"",""avg_net_cash_flow"":-313426.35,""avg_scenario_change"":-1.25,""avg_scenario_count"":1.6},{""group_value"":""Medium-term"",""avg_net_cash_flow"":1614023.15,""avg_scenario_change"":-0.81,""avg_scenario_count"":1.58},{""group_value"":""Short-term"",""avg_net_cash_flow"":1000147.1,""avg_scenario_change"":-2.29,""avg_scenario_count"":1.59}]",Hard,Three-table multi-step comparative,Multi-step Comparative,wealth_management_multi_step_comparative_105_questions.csv
wealth_management_multi_step_comparative_105_questions:MC-035,"Across profile category, how do goal progress, health risk, and liquidity compare using three related tables?","[{""group_value"":null,""avg_progress_pct"":43.84,""avg_risk_score"":53.58,""avg_liquidity_score"":49.27},{""group_value"":""Debt"",""avg_progress_pct"":40.58,""avg_risk_score"":48.96,""avg_liquidity_score"":49.16},{""group_value"":""Equity"",""avg_progress_pct"":39.96,""avg_risk_score"":51.27,""avg_liquidity_score"":50.42},{""group_value"":""Gold"",""avg_progress_pct"":39.36,""avg_risk_score"":48.5,""avg_liquidity_score"":51.54},{""group_value"":""Hybrid"",""avg_progress_pct"":38.47,""avg_risk_score"":51.09,""avg_liquidity_score"":48.72},{""group_value"":""Real Estate"",""avg_progress_pct"":41.05,""avg_risk_score"":50.92,""avg_liquidity_score"":47.96}]",Hard,Three-table multi-step comparative,Multi-step Comparative,wealth_management_multi_step_comparative_105_questions.csv
wealth_management_multi_step_comparative_105_questions:MC-036,"Across profile category, how do holding gain, health risk, and diversification compare using three related tables?","[{""group_value"":null,""avg_holding_gain"":2132093.45,""avg_risk_score"":53.58,""avg_diversification_score"":51.01},{""group_value"":""Debt"",""avg_holding_gain"":3496438.37,""avg_risk_score"":48.96,""avg_diversification_score"":52.48},{""group_value"":""Equity"",""avg_holding_gain"":2992201.01,""avg_risk_score"":51.27,""avg_diversification_score"":48.72},{""group_value"":""Gold"",""avg_holding_gain"":3789306.43,""avg_risk_score"":48.5,""avg_diversification_score"":53.36},{""group_value"":""Hybrid"",""avg_holding_gain"":4975031.31,""avg_risk_score"":51.09,""avg_diversification_score"":46.92},{""group_value"":""Real Estate"",""avg_holding_gain"":2898414.74,""avg_risk_score"":50.92,""avg_diversification_score"":48.68}]",Hard,Three-table multi-step comparative,Multi-step Comparative,wealth_management_multi_step_comparative_105_questions.csv
wealth_management_multi_step_comparative_105_questions:MC-037,"Across profile category, how do cash-flow net amount, goal progress, and shortfall compare using three related tables?","[{""group_value"":null,""avg_net_cash_flow"":1305730.77,""avg_progress_pct"":43.84,""avg_shortfall"":22638125.66},{""group_value"":""Debt"",""avg_net_cash_flow"":372971.91,""avg_progress_pct"":40.58,""avg_shortfall"":25668295.61},{""group_value"":""Equity"",""avg_net_cash_flow"":1314218.34,""avg_progress_pct"":39.96,""avg_shortfall"":17988590.02},{""group_value"":""Gold"",""avg_net_cash_flow"":1667974.31,""avg_progress_pct"":39.36,""avg_shortfall"":23036903.56},{""group_value"":""Hybrid"",""avg_net_cash_flow"":2309609.43,""avg_progress_pct"":38.47,""avg_shortfall"":23317670.2},{""group_value"":""Real Estate"",""avg_net_cash_flow"":1044714.47,""avg_progress_pct"":41.05,""avg_shortfall"":25521919.23}]",Hard,Three-table multi-step comparative,Multi-step Comparative,wealth_management_multi_step_comparative_105_questions.csv
wealth_management_multi_step_comparative_105_questions:MC-038,"Across profile category, how do allocation concentration, holding return, and holding value compare using three related tables?","[{""group_value"":null,""avg_max_allocation_pct"":13.71,""avg_returns_pct"":40.39,""avg_holding_value"":6738916.76},{""group_value"":""Debt"",""avg_max_allocation_pct"":16.28,""avg_returns_pct"":81.91,""avg_holding_value"":8445123.62},{""group_value"":""Equity"",""avg_max_allocation_pct"":17.14,""avg_returns_pct"":64.98,""avg_holding_value"":7489841.63},{""group_value"":""Gold"",""avg_max_allocation_pct"":17.81,""avg_returns_pct"":81.56,""avg_holding_value"":8173942.74},{""group_value"":""Hybrid"",""avg_max_allocation_pct"":17.45,""avg_returns_pct"":106.59,""avg_holding_value"":9897724.92},{""group_value"":""Real Estate"",""avg_max_allocation_pct"":17.83,""avg_returns_pct"":53.77,""avg_holding_value"":7437500.82}]",Hard,Three-table multi-step comparative,Multi-step Comparative,wealth_management_multi_step_comparative_105_questions.csv
wealth_management_multi_step_comparative_105_questions:MC-039,"Across profile category, how do rebalancing amount, cash flow, and transaction count compare using three related tables?","[{""group_value"":null,""avg_net_cash_flow"":1499420.24,""avg_transaction_count"":5.06,""avg_rebalance_amount"":422133.48},{""group_value"":""Debt"",""avg_net_cash_flow"":6477.8,""avg_transaction_count"":5.04,""avg_rebalance_amount"":414827.47},{""group_value"":""Equity"",""avg_net_cash_flow"":1499578.48,""avg_transaction_count"":5.06,""avg_rebalance_amount"":415854.27},{""group_value"":""Gold"",""avg_net_cash_flow"":1851965.06,""avg_transaction_count"":5.06,""avg_rebalance_amount"":396991.7},{""group_value"":""Hybrid"",""avg_net_cash_flow"":2229260.06,""avg_transaction_count"":5.04,""avg_rebalance_amount"":411221.07},{""group_value"":""Real Estate"",""avg_net_cash_flow"":1178440.1,""avg_transaction_count"":5.06,""avg_rebalance_amount"":389076.96}]",Hard,Three-table multi-step comparative,Multi-step Comparative,wealth_management_multi_step_comparative_105_questions.csv
wealth_management_multi_step_comparative_105_questions:MC-040,"Across profile category, how do scenario change, goal progress, and volatility compare using three related tables?","[{""group_value"":null,""avg_scenario_change"":-8.03,""avg_progress_pct"":43.12,""avg_volatility_pct"":15.39},{""group_value"":""Debt"",""avg_scenario_change"":-6.24,""avg_progress_pct"":40.3,""avg_volatility_pct"":15.19},{""group_value"":""Equity"",""avg_scenario_change"":-2.15,""avg_progress_pct"":39.47,""avg_volatility_pct"":14.44},{""group_value"":""Gold"",""avg_scenario_change"":0.74,""avg_progress_pct"":37.58,""avg_volatility_pct"":13.8},{""group_value"":""Hybrid"",""avg_scenario_change"":4.15,""avg_progress_pct"":39.86,""avg_volatility_pct"":14.59},{""group_value"":""Real Estate"",""avg_scenario_change"":-1.78,""avg_progress_pct"":40.89,""avg_volatility_pct"":13.5}]",Hard,Three-table multi-step comparative,Multi-step Comparative,wealth_management_multi_step_comparative_105_questions.csv
wealth_management_multi_step_comparative_105_questions:MC-041,"Across profile category, how do scenario change, rebalancing gap, and rebalancing amount compare using three related tables?","[{""group_value"":null,""avg_scenario_change"":-10.65,""avg_rebalance_gap"":2.38,""avg_rebalance_amount"":442236.74},{""group_value"":""Debt"",""avg_scenario_change"":-6.64,""avg_rebalance_gap"":-1.33,""avg_rebalance_amount"":402125.4},{""group_value"":""Equity"",""avg_scenario_change"":-1.19,""avg_rebalance_gap"":-4.06,""avg_rebalance_amount"":435689.66},{""group_value"":""Gold"",""avg_scenario_change"":0.89,""avg_rebalance_gap"":-0.38,""avg_rebalance_amount"":404021.82},{""group_value"":""Hybrid"",""avg_scenario_change"":2.77,""avg_rebalance_gap"":0.98,""avg_rebalance_amount"":397961.76},{""group_value"":""Real Estate"",""avg_scenario_change"":-2.63,""avg_rebalance_gap"":1.5,""avg_rebalance_amount"":383518.43}]",Hard,Three-table multi-step comparative,Multi-step Comparative,wealth_management_multi_step_comparative_105_questions.csv
wealth_management_multi_step_comparative_105_questions:MC-042,"Across profile category, how do cash-flow net amount, scenario change, and scenario count compare using three related tables?","[{""group_value"":null,""avg_net_cash_flow"":2181672.83,""avg_scenario_change"":-8.03,""avg_scenario_count"":1.67},{""group_value"":""Debt"",""avg_net_cash_flow"":1169529.06,""avg_scenario_change"":-6.24,""avg_scenario_count"":1.6},{""group_value"":""Equity"",""avg_net_cash_flow"":530338.73,""avg_scenario_change"":-2.15,""avg_scenario_count"":1.43},{""group_value"":""Gold"",""avg_net_cash_flow"":552992.73,""avg_scenario_change"":0.74,""avg_scenario_count"":1.64},{""group_value"":""Hybrid"",""avg_net_cash_flow"":1585541.01,""avg_scenario_change"":4.15,""avg_scenario_count"":1.63},{""group_value"":""Real Estate"",""avg_net_cash_flow"":-506244.45,""avg_scenario_change"":-1.78,""avg_scenario_count"":1.59}]",Hard,Three-table multi-step comparative,Multi-step Comparative,wealth_management_multi_step_comparative_105_questions.csv
wealth_management_multi_step_comparative_105_questions:MC-043,"Across profile segment, how do goal progress, health risk, and liquidity compare using three related tables?","[{""group_value"":null,""avg_progress_pct"":36.65,""avg_risk_score"":45.47,""avg_liquidity_score"":47.87},{""group_value"":""Diversified"",""avg_progress_pct"":40.73,""avg_risk_score"":49.16,""avg_liquidity_score"":49.89},{""group_value"":""Large Cap"",""avg_progress_pct"":40.83,""avg_risk_score"":50.19,""avg_liquidity_score"":50.03},{""group_value"":""Mid Cap"",""avg_progress_pct"":40.15,""avg_risk_score"":50.26,""avg_liquidity_score"":50.05},{""group_value"":""Small Cap"",""avg_progress_pct"":39.26,""avg_risk_score"":52.66,""avg_liquidity_score"":48.7}]",Hard,Three-table multi-step comparative,Multi-step Comparative,wealth_management_multi_step_comparative_105_questions.csv
wealth_management_multi_step_comparative_105_questions:MC-044,"Across profile segment, how do holding gain, health risk, and diversification compare using three related tables?","[{""group_value"":null,""avg_holding_gain"":3927279.1,""avg_risk_score"":45.47,""avg_diversification_score"":52.26},{""group_value"":""Diversified"",""avg_holding_gain"":3267371.09,""avg_risk_score"":49.16,""avg_diversification_score"":49.31},{""group_value"":""Large Cap"",""avg_holding_gain"":2784116.9,""avg_risk_score"":50.19,""avg_diversification_score"":49.63},{""group_value"":""Mid Cap"",""avg_holding_gain"":4020469.25,""avg_risk_score"":50.26,""avg_diversification_score"":50.3},{""group_value"":""Small Cap"",""avg_holding_gain"":4117657.73,""avg_risk_score"":52.66,""avg_diversification_score"":50.3}]",Hard,Three-table multi-step comparative,Multi-step Comparative,wealth_management_multi_step_comparative_105_questions.csv
wealth_management_multi_step_comparative_105_questions:MC-045,"Across profile segment, how do cash-flow net amount, goal progress, and shortfall compare using three related tables?","[{""group_value"":null,""avg_net_cash_flow"":6821.25,""avg_progress_pct"":36.65,""avg_shortfall"":18935261.08},{""group_value"":""Diversified"",""avg_net_cash_flow"":1395897.51,""avg_progress_pct"":40.73,""avg_shortfall"":22979095.09},{""group_value"":""Large Cap"",""avg_net_cash_flow"":1079159.28,""avg_progress_pct"":40.83,""avg_shortfall"":23884231.44},{""group_value"":""Mid Cap"",""avg_net_cash_flow"":1668695.27,""avg_progress_pct"":40.15,""avg_shortfall"":23449103.75},{""group_value"":""Small Cap"",""avg_net_cash_flow"":1590088.87,""avg_progress_pct"":39.26,""avg_shortfall"":22540136.31}]",Hard,Three-table multi-step comparative,Multi-step Comparative,wealth_management_multi_step_comparative_105_questions.csv
wealth_management_multi_step_comparative_105_questions:MC-046,"Across profile segment, how do allocation concentration, holding return, and holding value compare using three related tables?","[{""group_value"":null,""avg_max_allocation_pct"":18.67,""avg_returns_pct"":111.12,""avg_holding_value"":8654138.18},{""group_value"":""Diversified"",""avg_max_allocation_pct"":17.47,""avg_returns_pct"":75.63,""avg_holding_value"":8366100.79},{""group_value"":""Large Cap"",""avg_max_allocation_pct"":16.99,""avg_returns_pct"":57.0,""avg_holding_value"":7258009.44},{""group_value"":""Mid Cap"",""avg_max_allocation_pct"":17.7,""avg_returns_pct"":80.41,""avg_holding_value"":8584272.86},{""group_value"":""Small Cap"",""avg_max_allocation_pct"":15.95,""avg_returns_pct"":83.84,""avg_holding_value"":8580495.45}]",Hard,Three-table multi-step comparative,Multi-step Comparative,wealth_management_multi_step_comparative_105_questions.csv
wealth_management_multi_step_comparative_105_questions:MC-047,"Across profile segment, how do rebalancing amount, cash flow, and transaction count compare using three related tables?","[{""group_value"":null,""avg_net_cash_flow"":6362.58,""avg_transaction_count"":5.05,""avg_rebalance_amount"":393922.33},{""group_value"":""Diversified"",""avg_net_cash_flow"":1569423.16,""avg_transaction_count"":5.04,""avg_rebalance_amount"":391374.29},{""group_value"":""Large Cap"",""avg_net_cash_flow"":614695.62,""avg_transaction_count"":5.08,""avg_rebalance_amount"":414632.7},{""group_value"":""Mid Cap"",""avg_net_cash_flow"":1864255.82,""avg_transaction_count"":5.04,""avg_rebalance_amount"":401994.31},{""group_value"":""Small Cap"",""avg_net_cash_flow"":1803416.79,""avg_transaction_count"":5.04,""avg_rebalance_amount"":418806.81}]",Hard,Three-table multi-step comparative,Multi-step Comparative,wealth_management_multi_step_comparative_105_questions.csv
wealth_management_multi_step_comparative_105_questions:MC-048,"Across profile segment, how do scenario change, goal progress, and volatility compare using three related tables?","[{""group_value"":null,""avg_scenario_change"":-3.64,""avg_progress_pct"":35.71,""avg_volatility_pct"":14.96},{""group_value"":""Diversified"",""avg_scenario_change"":-0.8,""avg_progress_pct"":40.52,""avg_volatility_pct"":14.79},{""group_value"":""Large Cap"",""avg_scenario_change"":0.31,""avg_progress_pct"":40.14,""avg_volatility_pct"":14.35},{""group_value"":""Mid Cap"",""avg_scenario_change"":-1.31,""avg_progress_pct"":41.48,""avg_volatility_pct"":14.33},{""group_value"":""Small Cap"",""avg_scenario_change"":-3.01,""avg_progress_pct"":37.91,""avg_volatility_pct"":13.78}]",Hard,Three-table multi-step comparative,Multi-step Comparative,wealth_management_multi_step_comparative_105_questions.csv
wealth_management_multi_step_comparative_105_questions:MC-049,"Across profile segment, how do scenario change, rebalancing gap, and rebalancing amount compare using three related tables?","[{""group_value"":null,""avg_scenario_change"":-4.47,""avg_rebalance_gap"":3.54,""avg_rebalance_amount"":405614.85},{""group_value"":""Diversified"",""avg_scenario_change"":-0.13,""avg_rebalance_gap"":0.05,""avg_rebalance_amount"":384545.31},{""group_value"":""Large Cap"",""avg_scenario_change"":-0.77,""avg_rebalance_gap"":-0.74,""avg_rebalance_amount"":415953.56},{""group_value"":""Mid Cap"",""avg_scenario_change"":-2.2,""avg_rebalance_gap"":-3.86,""avg_rebalance_amount"":397345.53},{""group_value"":""Small Cap"",""avg_scenario_change"":-2.97,""avg_rebalance_gap"":1.82,""avg_rebalance_amount"":426678.18}]",Hard,Three-table multi-step comparative,Multi-step Comparative,wealth_management_multi_step_comparative_105_questions.csv
wealth_management_multi_step_comparative_105_questions:MC-050,"Across profile segment, how do cash-flow net amount, scenario change, and scenario count compare using three related tables?","[{""group_value"":null,""avg_net_cash_flow"":-2166872.13,""avg_scenario_change"":-3.64,""avg_scenario_count"":1.54},{""group_value"":""Diversified"",""avg_net_cash_flow"":1316986.23,""avg_scenario_change"":-0.8,""avg_scenario_count"":1.59},{""group_value"":""Large Cap"",""avg_net_cash_flow"":-418966.48,""avg_scenario_change"":0.31,""avg_scenario_count"":1.58},{""group_value"":""Mid Cap"",""avg_net_cash_flow"":2180634.97,""avg_scenario_change"":-1.31,""avg_scenario_count"":1.61},{""group_value"":""Small Cap"",""avg_net_cash_flow"":428442.16,""avg_scenario_change"":-3.01,""avg_scenario_count"":1.57}]",Hard,Three-table multi-step comparative,Multi-step Comparative,wealth_management_multi_step_comparative_105_questions.csv
wealth_management_multi_step_comparative_105_questions:MC-051,"Across risk_tolerance, how do goal progress, holding gain, risk score, and liquidity compare using four related tables?","[{""group_value"":null,""avg_progress_pct"":46.45,""avg_holding_gain"":5072018.61,""avg_risk_score"":55.31,""avg_liquidity_score"":55.9},{""group_value"":""Aggressive"",""avg_progress_pct"":39.76,""avg_holding_gain"":3274142.41,""avg_risk_score"":49.12,""avg_liquidity_score"":47.17},{""group_value"":""Conservative"",""avg_progress_pct"":38.25,""avg_holding_gain"":2862123.22,""avg_risk_score"":51.7,""avg_liquidity_score"":50.85},{""group_value"":""Moderate"",""avg_progress_pct"":41.21,""avg_holding_gain"":4344139.71,""avg_risk_score"":49.29,""avg_liquidity_score"":49.69}]",Advanced,Four-table multi-step comparative,Multi-step Comparative,wealth_management_multi_step_comparative_105_questions.csv
wealth_management_multi_step_comparative_105_questions:MC-054,"Across risk_tolerance, how do rebalancing amount, cash flow, goal progress, and shortfall compare using four related tables?","[{""group_value"":null,""avg_rebalance_amount"":415032.17,""avg_net_cash_flow"":7586.86,""avg_progress_pct"":46.23,""avg_shortfall"":17784667.91},{""group_value"":""Aggressive"",""avg_rebalance_amount"":405853.84,""avg_net_cash_flow"":1386028.27,""avg_progress_pct"":39.85,""avg_shortfall"":22981492.8},{""group_value"":""Conservative"",""avg_rebalance_amount"":414995.35,""avg_net_cash_flow"":1820922.37,""avg_progress_pct"":38.18,""avg_shortfall"":22502348.93},{""group_value"":""Moderate"",""avg_rebalance_amount"":396592.36,""avg_net_cash_flow"":1169578.36,""avg_progress_pct"":41.35,""avg_shortfall"":22184172.72}]",Advanced,Four-table multi-step comparative,Multi-step Comparative,wealth_management_multi_step_comparative_105_questions.csv
wealth_management_multi_step_comparative_105_questions:MC-055,"Across risk_tolerance, how do scenario change, rebalancing gap, health risk, and goal match compare using four related tables?","[{""group_value"":null,""avg_scenario_change"":-1.66,""avg_rebalance_gap"":3.53,""avg_risk_score"":59.18,""avg_goal_match_pct"":48.79},{""group_value"":""Aggressive"",""avg_scenario_change"":-1.91,""avg_rebalance_gap"":-0.47,""avg_risk_score"":51.66,""avg_goal_match_pct"":48.2},{""group_value"":""Conservative"",""avg_scenario_change"":-2.49,""avg_rebalance_gap"":1.26,""avg_risk_score"":52.52,""avg_goal_match_pct"":49.38},{""group_value"":""Moderate"",""avg_scenario_change"":-0.47,""avg_rebalance_gap"":-3.01,""avg_risk_score"":48.66,""avg_goal_match_pct"":45.19}]",Advanced,Four-table multi-step comparative,Multi-step Comparative,wealth_management_multi_step_comparative_105_questions.csv
wealth_management_multi_step_comparative_105_questions:MC-056,"Across risk_tolerance, how do cash flow, scenario change, allocation concentration, and sector investment compare using four related tables?","[{""group_value"":null,""avg_net_cash_flow"":6666.76,""avg_scenario_change"":-0.71,""avg_max_allocation_pct"":16.12,""avg_sector_investment"":874742.03},{""group_value"":""Aggressive"",""avg_net_cash_flow"":6677.14,""avg_scenario_change"":-1.85,""avg_max_allocation_pct"":16.47,""avg_sector_investment"":854047.61},{""group_value"":""Conservative"",""avg_net_cash_flow"":1264774.64,""avg_scenario_change"":-2.22,""avg_max_allocation_pct"":16.39,""avg_sector_investment"":868375.25},{""group_value"":""Moderate"",""avg_net_cash_flow"":1003173.45,""avg_scenario_change"":0.07,""avg_max_allocation_pct"":17.79,""avg_sector_investment"":967952.32}]",Advanced,Four-table multi-step comparative,Multi-step Comparative,wealth_management_multi_step_comparative_105_questions.csv
wealth_management_multi_step_comparative_105_questions:MC-058,"Across risk_tolerance, how do goal shortfall, allocation concentration, health liquidity, and diversification compare using four related tables?","[{""group_value"":null,""avg_shortfall"":18627483.33,""avg_max_allocation_pct"":16.97,""avg_liquidity_score"":55.9,""avg_diversification_score"":55.79},{""group_value"":""Aggressive"",""avg_shortfall"":23218312.17,""avg_max_allocation_pct"":17.01,""avg_liquidity_score"":47.17,""avg_diversification_score"":49.05},{""group_value"":""Conservative"",""avg_shortfall"":23686380.49,""avg_max_allocation_pct"":16.86,""avg_liquidity_score"":50.85,""avg_diversification_score"":49.91},{""group_value"":""Moderate"",""avg_shortfall"":22760174.64,""avg_max_allocation_pct"":17.48,""avg_liquidity_score"":49.69,""avg_diversification_score"":50.18}]",Advanced,Four-table multi-step comparative,Multi-step Comparative,wealth_management_multi_step_comparative_105_questions.csv
wealth_management_multi_step_comparative_105_questions:MC-061,"Across time_horizon, how do goal progress, holding gain, risk score, and liquidity compare using four related tables?","[{""group_value"":null,""avg_progress_pct"":42.13,""avg_holding_gain"":4781952.94,""avg_risk_score"":46.33,""avg_liquidity_score"":44.52},{""group_value"":""Long-term"",""avg_progress_pct"":40.22,""avg_holding_gain"":3694674.33,""avg_risk_score"":48.98,""avg_liquidity_score"":50.39},{""group_value"":""Medium-term"",""avg_progress_pct"":39.98,""avg_holding_gain"":3182292.25,""avg_risk_score"":51.61,""avg_liquidity_score"":47.8},{""group_value"":""Short-term"",""avg_progress_pct"":39.66,""avg_holding_gain"":3621147.02,""avg_risk_score"":51.08,""avg_liquidity_score"":51.32}]",Advanced,Four-table multi-step comparative,Multi-step Comparative,wealth_management_multi_step_comparative_105_questions.csv
wealth_management_multi_step_comparative_105_questions:MC-064,"Across time_horizon, how do rebalancing amount, cash flow, goal progress, and shortfall compare using four related tables?","[{""group_value"":null,""avg_rebalance_amount"":445694.88,""avg_net_cash_flow"":1498722.06,""avg_progress_pct"":43.87,""avg_shortfall"":24309608.13},{""group_value"":""Long-term"",""avg_rebalance_amount"":400132.54,""avg_net_cash_flow"":1138071.93,""avg_progress_pct"":40.63,""avg_shortfall"":21379230.76},{""group_value"":""Medium-term"",""avg_rebalance_amount"":386788.99,""avg_net_cash_flow"":1862765.52,""avg_progress_pct"":39.76,""avg_shortfall"":23420507.92},{""group_value"":""Short-term"",""avg_rebalance_amount"":425999.62,""avg_net_cash_flow"":1169905.13,""avg_progress_pct"":39.25,""avg_shortfall"":21917701.18}]",Advanced,Four-table multi-step comparative,Multi-step Comparative,wealth_management_multi_step_comparative_105_questions.csv
wealth_management_multi_step_comparative_105_questions:MC-065,"Across time_horizon, how do scenario change, rebalancing gap, health risk, and goal match compare using four related tables?","[{""group_value"":null,""avg_scenario_change"":-1.4,""avg_rebalance_gap"":-4.38,""avg_risk_score"":48.09,""avg_goal_match_pct"":43.68},{""group_value"":""Long-term"",""avg_scenario_change"":-0.82,""avg_rebalance_gap"":-2.05,""avg_risk_score"":51.05,""avg_goal_match_pct"":51.23},{""group_value"":""Medium-term"",""avg_scenario_change"":-1.16,""avg_rebalance_gap"":0.98,""avg_risk_score"":50.46,""avg_goal_match_pct"":45.83},{""group_value"":""Short-term"",""avg_scenario_change"":-3.14,""avg_rebalance_gap"":0.37,""avg_risk_score"":53.41,""avg_goal_match_pct"":46.28}]",Advanced,Four-table multi-step comparative,Multi-step Comparative,wealth_management_multi_step_comparative_105_questions.csv
wealth_management_multi_step_comparative_105_questions:MC-066,"Across time_horizon, how do cash flow, scenario change, allocation concentration, and sector investment compare using four related tables?","[{""group_value"":null,""avg_net_cash_flow"":6285.33,""avg_scenario_change"":0.63,""avg_max_allocation_pct"":17.64,""avg_sector_investment"":893611.59},{""group_value"":""Long-term"",""avg_net_cash_flow"":-313426.35,""avg_scenario_change"":-1.25,""avg_max_allocation_pct"":17.11,""avg_sector_investment"":865360.03},{""group_value"":""Medium-term"",""avg_net_cash_flow"":1614023.15,""avg_scenario_change"":-0.81,""avg_max_allocation_pct"":17.43,""avg_sector_investment"":963853.7},{""group_value"":""Short-term"",""avg_net_cash_flow"":1000147.1,""avg_scenario_change"":-2.29,""avg_max_allocation_pct"":15.89,""avg_sector_investment"":862124.85}]",Advanced,Four-table multi-step comparative,Multi-step Comparative,wealth_management_multi_step_comparative_105_questions.csv
wealth_management_multi_step_comparative_105_questions:MC-068,"Across time_horizon, how do goal shortfall, allocation concentration, health liquidity, and diversification compare using four related tables?","[{""group_value"":null,""avg_shortfall"":26236751.87,""avg_max_allocation_pct"":16.18,""avg_liquidity_score"":44.52,""avg_diversification_score"":49.15},{""group_value"":""Long-term"",""avg_shortfall"":22738558.95,""avg_max_allocation_pct"":17.59,""avg_liquidity_score"":50.39,""avg_diversification_score"":49.47},{""group_value"":""Medium-term"",""avg_shortfall"":22984243.38,""avg_max_allocation_pct"":17.64,""avg_liquidity_score"":47.8,""avg_diversification_score"":47.54},{""group_value"":""Short-term"",""avg_shortfall"":22761746.7,""avg_max_allocation_pct"":16.27,""avg_liquidity_score"":51.32,""avg_diversification_score"":53.09}]",Advanced,Four-table multi-step comparative,Multi-step Comparative,wealth_management_multi_step_comparative_105_questions.csv
wealth_management_multi_step_comparative_105_questions:MC-071,"Across profile category, how do goal progress, holding gain, risk score, and liquidity compare using four related tables?","[{""group_value"":null,""avg_progress_pct"":43.84,""avg_holding_gain"":2132093.45,""avg_risk_score"":53.58,""avg_liquidity_score"":49.27},{""group_value"":""Debt"",""avg_progress_pct"":40.58,""avg_holding_gain"":3496438.37,""avg_risk_score"":48.96,""avg_liquidity_score"":49.16},{""group_value"":""Equity"",""avg_progress_pct"":39.96,""avg_holding_gain"":2992201.01,""avg_risk_score"":51.27,""avg_liquidity_score"":50.42},{""group_value"":""Gold"",""avg_progress_pct"":39.36,""avg_holding_gain"":3789306.43,""avg_risk_score"":48.5,""avg_liquidity_score"":51.54},{""group_value"":""Hybrid"",""avg_progress_pct"":38.47,""avg_holding_gain"":4975031.31,""avg_risk_score"":51.09,""avg_liquidity_score"":48.72},{""group_value"":""Real Estate"",""avg_progress_pct"":41.05,""avg_holding_gain"":2898414.74,""avg_risk_score"":50.92,""avg_liquidity_score"":47.96}]",Advanced,Four-table multi-step comparative,Multi-step Comparative,wealth_management_multi_step_comparative_105_questions.csv
wealth_management_multi_step_comparative_105_questions:MC-074,"Across profile category, how do rebalancing amount, cash flow, goal progress, and shortfall compare using four related tables?","[{""group_value"":null,""avg_rebalance_amount"":422133.48,""avg_net_cash_flow"":1499420.24,""avg_progress_pct"":44.71,""avg_shortfall"":19803537.43},{""group_value"":""Debt"",""avg_rebalance_amount"":414827.47,""avg_net_cash_flow"":6477.8,""avg_progress_pct"":41.04,""avg_shortfall"":24184322.94},{""group_value"":""Equity"",""avg_rebalance_amount"":415854.27,""avg_net_cash_flow"":1499578.48,""avg_progress_pct"":39.16,""avg_shortfall"":16902132.71},{""group_value"":""Gold"",""avg_rebalance_amount"":396991.7,""avg_net_cash_flow"":1851965.06,""avg_progress_pct"":39.82,""avg_shortfall"":23397342.02},{""group_value"":""Hybrid"",""avg_rebalance_amount"":411221.07,""avg_net_cash_flow"":2229260.06,""avg_progress_pct"":38.69,""avg_shortfall"":22569585.08},{""group_value"":""Real Estate"",""avg_rebalance_amount"":389076.96,""avg_net_cash_flow"":1178440.1,""avg_progress_pct"":40.69,""avg_shortfall"":25606484.9}]",Advanced,Four-table multi-step comparative,Multi-step Comparative,wealth_management_multi_step_comparative_105_questions.csv
wealth_management_multi_step_comparative_105_questions:MC-075,"Across profile category, how do scenario change, rebalancing gap, health risk, and goal match compare using four related tables?","[{""group_value"":null,""avg_scenario_change"":-10.65,""avg_rebalance_gap"":2.38,""avg_risk_score"":56.7,""avg_goal_match_pct"":48.85},{""group_value"":""Debt"",""avg_scenario_change"":-6.64,""avg_rebalance_gap"":-1.33,""avg_risk_score"":50.32,""avg_goal_match_pct"":50.54},{""group_value"":""Equity"",""avg_scenario_change"":-1.19,""avg_rebalance_gap"":-4.06,""avg_risk_score"":52.1,""avg_goal_match_pct"":48.64},{""group_value"":""Gold"",""avg_scenario_change"":0.89,""avg_rebalance_gap"":-0.38,""avg_risk_score"":49.53,""avg_goal_match_pct"":47.53},{""group_value"":""Hybrid"",""avg_scenario_change"":2.77,""avg_rebalance_gap"":0.98,""avg_risk_score"":52.98,""avg_goal_match_pct"":46.42},{""group_value"":""Real Estate"",""avg_scenario_change"":-2.63,""avg_rebalance_gap"":1.5,""avg_risk_score"":50.7,""avg_goal_match_pct"":45.52}]",Advanced,Four-table multi-step comparative,Multi-step Comparative,wealth_management_multi_step_comparative_105_questions.csv
wealth_management_multi_step_comparative_105_questions:MC-076,"Across profile category, how do cash flow, scenario change, allocation concentration, and sector investment compare using four related tables?","[{""group_value"":null,""avg_net_cash_flow"":2181672.83,""avg_scenario_change"":-8.03,""avg_max_allocation_pct"":14.56,""avg_sector_investment"":803033.89},{""group_value"":""Debt"",""avg_net_cash_flow"":1169529.06,""avg_scenario_change"":-6.24,""avg_max_allocation_pct"":16.28,""avg_sector_investment"":917501.86},{""group_value"":""Equity"",""avg_net_cash_flow"":530338.73,""avg_scenario_change"":-2.15,""avg_max_allocation_pct"":17.14,""avg_sector_investment"":856162.5},{""group_value"":""Gold"",""avg_net_cash_flow"":552992.73,""avg_scenario_change"":0.74,""avg_max_allocation_pct"":16.55,""avg_sector_investment"":938805.09},{""group_value"":""Hybrid"",""avg_net_cash_flow"":1585541.01,""avg_scenario_change"":4.15,""avg_max_allocation_pct"":17.39,""avg_sector_investment"":874711.48},{""group_value"":""Real Estate"",""avg_net_cash_flow"":-506244.45,""avg_scenario_change"":-1.78,""avg_max_allocation_pct"":17.49,""avg_sector_investment"":920698.89}]",Advanced,Four-table multi-step comparative,Multi-step Comparative,wealth_management_multi_step_comparative_105_questions.csv
wealth_management_multi_step_comparative_105_questions:MC-078,"Across profile category, how do goal shortfall, allocation concentration, health liquidity, and diversification compare using four related tables?","[{""group_value"":null,""avg_shortfall"":22638125.66,""avg_max_allocation_pct"":13.71,""avg_liquidity_score"":49.27,""avg_diversification_score"":51.01},{""group_value"":""Debt"",""avg_shortfall"":25668295.61,""avg_max_allocation_pct"":16.28,""avg_liquidity_score"":49.16,""avg_diversification_score"":52.48},{""group_value"":""Equity"",""avg_shortfall"":17988590.02,""avg_max_allocation_pct"":17.14,""avg_liquidity_score"":50.42,""avg_diversification_score"":48.72},{""group_value"":""Gold"",""avg_shortfall"":23036903.56,""avg_max_allocation_pct"":17.81,""avg_liquidity_score"":51.54,""avg_diversification_score"":53.36},{""group_value"":""Hybrid"",""avg_shortfall"":23317670.2,""avg_max_allocation_pct"":17.45,""avg_liquidity_score"":48.72,""avg_diversification_score"":46.92},{""group_value"":""Real Estate"",""avg_shortfall"":25521919.23,""avg_max_allocation_pct"":17.83,""avg_liquidity_score"":47.96,""avg_diversification_score"":48.68}]",Advanced,Four-table multi-step comparative,Multi-step Comparative,wealth_management_multi_step_comparative_105_questions.csv
wealth_management_multi_step_comparative_105_questions:MC-083,"Across risk_tolerance, how do goal shortfall, holding value, allocation concentration, liquidity, and diversification compare using five related tables?","[{""group_value"":null,""avg_shortfall"":18627483.33,""avg_holding_value"":10459250.55,""avg_max_allocation_pct"":16.97,""avg_liquidity_score"":55.9,""avg_diversification_score"":55.79},{""group_value"":""Aggressive"",""avg_shortfall"":23218312.17,""avg_holding_value"":7772076.82,""avg_max_allocation_pct"":17.01,""avg_liquidity_score"":47.17,""avg_diversification_score"":49.05},{""group_value"":""Conservative"",""avg_shortfall"":23686380.49,""avg_holding_value"":7365637.73,""avg_max_allocation_pct"":16.86,""avg_liquidity_score"":50.85,""avg_diversification_score"":49.91},{""group_value"":""Moderate"",""avg_shortfall"":22760174.64,""avg_holding_value"":9186349.25,""avg_max_allocation_pct"":17.48,""avg_liquidity_score"":49.69,""avg_diversification_score"":50.18}]",Expert,Five-table multi-step comparative,Multi-step Comparative,wealth_management_multi_step_comparative_105_questions.csv
wealth_management_multi_step_comparative_105_questions:MC-084,"Across risk_tolerance, how do cash flow, rebalancing amount, scenario change, risk score, and goal match compare using five related tables?","[{""group_value"":null,""avg_net_cash_flow"":6475.05,""avg_rebalance_amount"":399232.81,""avg_scenario_change"":-1.66,""avg_risk_score"":59.18,""avg_goal_match_pct"":48.79},{""group_value"":""Aggressive"",""avg_net_cash_flow"":6421.1,""avg_rebalance_amount"":406728.34,""avg_scenario_change"":-1.91,""avg_risk_score"":51.66,""avg_goal_match_pct"":48.2},{""group_value"":""Conservative"",""avg_net_cash_flow"":1089910.4,""avg_rebalance_amount"":406759.18,""avg_scenario_change"":-2.49,""avg_risk_score"":52.52,""avg_goal_match_pct"":49.38},{""group_value"":""Moderate"",""avg_net_cash_flow"":1138608.2,""avg_rebalance_amount"":406075.91,""avg_scenario_change"":-0.47,""avg_risk_score"":48.66,""avg_goal_match_pct"":45.19}]",Expert,Five-table multi-step comparative,Multi-step Comparative,wealth_management_multi_step_comparative_105_questions.csv
wealth_management_multi_step_comparative_105_questions:MC-086,"Across risk_tolerance, how do cash-flow inflow, outflow, goal shortfall, holding dividends, and taxes paid compare using five related tables?","[{""group_value"":null,""avg_inflow"":10271.47,""avg_outflow"":2427.44,""avg_shortfall"":18627483.33,""avg_dividends"":205077.54,""avg_taxes_paid"":31558.13},{""group_value"":""Aggressive"",""avg_inflow"":2067267.71,""avg_outflow"":414348.34,""avg_shortfall"":23218312.17,""avg_dividends"":172729.88,""avg_taxes_paid"":22918.7},{""group_value"":""Conservative"",""avg_inflow"":2001634.22,""avg_outflow"":401138.84,""avg_shortfall"":23686380.49,""avg_dividends"":167570.62,""avg_taxes_paid"":22193.72},{""group_value"":""Moderate"",""avg_inflow"":1659106.63,""avg_outflow"":621486.14,""avg_shortfall"":22760174.64,""avg_dividends"":167933.58,""avg_taxes_paid"":24370.69}]",Expert,Five-table multi-step comparative,Multi-step Comparative,wealth_management_multi_step_comparative_105_questions.csv
wealth_management_multi_step_comparative_105_questions:MC-090,"Across time_horizon, how do goal shortfall, holding value, allocation concentration, liquidity, and diversification compare using five related tables?","[{""group_value"":null,""avg_shortfall"":26236751.87,""avg_holding_value"":9256000.18,""avg_max_allocation_pct"":16.18,""avg_liquidity_score"":44.52,""avg_diversification_score"":49.15},{""group_value"":""Long-term"",""avg_shortfall"":22738558.95,""avg_holding_value"":8476172.69,""avg_max_allocation_pct"":17.59,""avg_liquidity_score"":50.39,""avg_diversification_score"":49.47},{""group_value"":""Medium-term"",""avg_shortfall"":22984243.38,""avg_holding_value"":7810071.33,""avg_max_allocation_pct"":17.64,""avg_liquidity_score"":47.8,""avg_diversification_score"":47.54},{""group_value"":""Short-term"",""avg_shortfall"":22761746.7,""avg_holding_value"":8197553.59,""avg_max_allocation_pct"":16.27,""avg_liquidity_score"":51.32,""avg_diversification_score"":53.09}]",Expert,Five-table multi-step comparative,Multi-step Comparative,wealth_management_multi_step_comparative_105_questions.csv
wealth_management_multi_step_comparative_105_questions:MC-091,"Across time_horizon, how do cash flow, rebalancing amount, scenario change, risk score, and goal match compare using five related tables?","[{""group_value"":null,""avg_net_cash_flow"":5918.8,""avg_rebalance_amount"":452996.38,""avg_scenario_change"":-1.4,""avg_risk_score"":48.09,""avg_goal_match_pct"":43.68},{""group_value"":""Long-term"",""avg_net_cash_flow"":-345171.52,""avg_rebalance_amount"":401045.43,""avg_scenario_change"":-0.82,""avg_risk_score"":51.05,""avg_goal_match_pct"":51.23},{""group_value"":""Medium-term"",""avg_net_cash_flow"":1851203.09,""avg_rebalance_amount"":392840.72,""avg_scenario_change"":-1.16,""avg_risk_score"":50.46,""avg_goal_match_pct"":45.83},{""group_value"":""Short-term"",""avg_net_cash_flow"":781992.52,""avg_rebalance_amount"":417474.67,""avg_scenario_change"":-3.14,""avg_risk_score"":53.41,""avg_goal_match_pct"":46.28}]",Expert,Five-table multi-step comparative,Multi-step Comparative,wealth_management_multi_step_comparative_105_questions.csv
wealth_management_multi_step_comparative_105_questions:MC-093,"Across time_horizon, how do cash-flow inflow, outflow, goal shortfall, holding dividends, and taxes paid compare using five related tables?","[{""group_value"":null,""avg_inflow"":1308160.79,""avg_outflow"":2921.31,""avg_shortfall"":26236751.87,""avg_dividends"":175517.83,""avg_taxes_paid"":23717.43},{""group_value"":""Long-term"",""avg_inflow"":2054684.34,""avg_outflow"":1025248.64,""avg_shortfall"":22738558.95,""avg_dividends"":173907.65,""avg_taxes_paid"":22519.84},{""group_value"":""Medium-term"",""avg_inflow"":1857511.14,""avg_outflow"":208192.5,""avg_shortfall"":22984243.38,""avg_dividends"":166676.96,""avg_taxes_paid"":23987.55},{""group_value"":""Short-term"",""avg_inflow"":1619503.32,""avg_outflow"":204006.85,""avg_shortfall"":22761746.7,""avg_dividends"":172201.17,""avg_taxes_paid"":24165.49}]",Expert,Five-table multi-step comparative,Multi-step Comparative,wealth_management_multi_step_comparative_105_questions.csv
wealth_management_multi_step_comparative_105_questions:MC-097,"Across profile category, how do goal shortfall, holding value, allocation concentration, liquidity, and diversification compare using five related tables?","[{""group_value"":null,""avg_shortfall"":22638125.66,""avg_holding_value"":6738916.76,""avg_max_allocation_pct"":13.71,""avg_liquidity_score"":49.27,""avg_diversification_score"":51.01},{""group_value"":""Debt"",""avg_shortfall"":25668295.61,""avg_holding_value"":8445123.62,""avg_max_allocation_pct"":16.28,""avg_liquidity_score"":49.16,""avg_diversification_score"":52.48},{""group_value"":""Equity"",""avg_shortfall"":17988590.02,""avg_holding_value"":7489841.63,""avg_max_allocation_pct"":17.14,""avg_liquidity_score"":50.42,""avg_diversification_score"":48.72},{""group_value"":""Gold"",""avg_shortfall"":23036903.56,""avg_holding_value"":8173942.74,""avg_max_allocation_pct"":17.81,""avg_liquidity_score"":51.54,""avg_diversification_score"":53.36},{""group_value"":""Hybrid"",""avg_shortfall"":23317670.2,""avg_holding_value"":9897724.92,""avg_max_allocation_pct"":17.45,""avg_liquidity_score"":48.72,""avg_diversification_score"":46.92},{""group_value"":""Real Estate"",""avg_shortfall"":25521919.23,""avg_holding_value"":7437500.82,""avg_max_allocation_pct"":17.83,""avg_liquidity_score"":47.96,""avg_diversification_score"":48.68}]",Expert,Five-table multi-step comparative,Multi-step Comparative,wealth_management_multi_step_comparative_105_questions.csv
wealth_management_multi_step_comparative_105_questions:MC-098,"Across profile category, how do cash flow, rebalancing amount, scenario change, risk score, and goal match compare using five related tables?","[{""group_value"":null,""avg_net_cash_flow"":2571277.95,""avg_rebalance_amount"":442236.74,""avg_scenario_change"":-10.65,""avg_risk_score"":56.7,""avg_goal_match_pct"":48.85},{""group_value"":""Debt"",""avg_net_cash_flow"":700994.54,""avg_rebalance_amount"":402125.4,""avg_scenario_change"":-6.64,""avg_risk_score"":50.32,""avg_goal_match_pct"":50.54},{""group_value"":""Equity"",""avg_net_cash_flow"":605528.22,""avg_rebalance_amount"":435689.66,""avg_scenario_change"":-1.19,""avg_risk_score"":52.1,""avg_goal_match_pct"":48.64},{""group_value"":""Gold"",""avg_net_cash_flow"":620118.66,""avg_rebalance_amount"":404021.82,""avg_scenario_change"":0.89,""avg_risk_score"":49.53,""avg_goal_match_pct"":47.53},{""group_value"":""Hybrid"",""avg_net_cash_flow"":1750813.19,""avg_rebalance_amount"":397961.76,""avg_scenario_change"":2.77,""avg_risk_score"":52.98,""avg_goal_match_pct"":46.42},{""group_value"":""Real Estate"",""avg_net_cash_flow"":-571663.2,""avg_rebalance_amount"":383518.43,""avg_scenario_change"":-2.63,""avg_risk_score"":50.7,""avg_goal_match_pct"":45.52}]",Expert,Five-table multi-step comparative,Multi-step Comparative,wealth_management_multi_step_comparative_105_questions.csv
wealth_management_multi_step_comparative_105_questions:MC-100,"Across profile category, how do cash-flow inflow, outflow, goal shortfall, holding dividends, and taxes paid compare using five related tables?","[{""group_value"":null,""avg_inflow"":1308592.69,""avg_outflow"":2861.92,""avg_shortfall"":22638125.66,""avg_dividends"":154225.14,""avg_taxes_paid"":20116.22},{""group_value"":""Debt"",""avg_inflow"":1108574.6,""avg_outflow"":735602.69,""avg_shortfall"":25668295.61,""avg_dividends"":163453.51,""avg_taxes_paid"":23191.07},{""group_value"":""Equity"",""avg_inflow"":1643624.88,""avg_outflow"":329406.54,""avg_shortfall"":17988590.02,""avg_dividends"":151943.16,""avg_taxes_paid"":22380.15},{""group_value"":""Gold"",""avg_inflow"":2003067.38,""avg_outflow"":335093.07,""avg_shortfall"":23036903.56,""avg_dividends"":184638.44,""avg_taxes_paid"":23655.89},{""group_value"":""Hybrid"",""avg_inflow"":2312348.53,""avg_outflow"":2739.11,""avg_shortfall"":23317670.2,""avg_dividends"":195066.85,""avg_taxes_paid"":26553.45},{""group_value"":""Real Estate"",""avg_inflow"":2085609.53,""avg_outflow"":1040895.06,""avg_shortfall"":25521919.23,""avg_dividends"":164168.97,""avg_taxes_paid"":22879.87}]",Expert,Five-table multi-step comparative,Multi-step Comparative,wealth_management_multi_step_comparative_105_questions.csv
wealth_management_multi_step_comparative_105_questions:MC-104,Which ten investors have the highest five-table risk-pressure score where score = risk score + allocation concentration + goal volatility - liquidity + scenario change?,"[{""investor_id"":""INV-073"",""investor_name"":""Abhishek Mehta"",""risk_pressure_score"":168.33},{""investor_id"":""INV-393"",""investor_name"":""Amrita Pandey"",""risk_pressure_score"":146.45},{""investor_id"":""INV-1468"",""investor_name"":""Vikram Arora"",""risk_pressure_score"":142.83},{""investor_id"":""INV-1346"",""investor_name"":""Vikram Kulkarni"",""risk_pressure_score"":141.7},{""investor_id"":""INV-378"",""investor_name"":""Geeta Verma"",""risk_pressure_score"":139.22},{""investor_id"":""INV-794"",""investor_name"":""Sneha Singh"",""risk_pressure_score"":137.64},{""investor_id"":""INV-1547"",""investor_name"":""Deepak Kulkarni"",""risk_pressure_score"":137.41},{""investor_id"":""INV-1364"",""investor_name"":""Amit Patel"",""risk_pressure_score"":136.01},{""investor_id"":""INV-075"",""investor_name"":""Arjun Rao"",""risk_pressure_score"":135.22},{""investor_id"":""INV-477"",""investor_name"":""Vivek Sharma"",""risk_pressure_score"":131.9}]",Expert,Five-table multi-step comparative,Ranking,wealth_management_multi_step_comparative_105_questions.csv
wealth_management_multi_step_comparative_105_questions:MC-105,"Which investors are comparative outliers with net cash flow above 100000000, average goal progress below 25, risk_score above 70, and scenario change above 20?",[],Expert,Five-table multi-step comparative,Rule-Based Detection,wealth_management_multi_step_comparative_105_questions.csv
