sql_table,sql_column,sql_type,rdf_class,rdf_predicates,rdf_datatypes,nonnull_values_verified,nulls_verified_absent
ATOM_ENTITY_INVESTMENT_GOAL_001,goal_id,TEXT,InvestmentGoal,https://wealth.example.org/ontology/goalId,plain,4865,0
ATOM_ENTITY_INVESTMENT_GOAL_001,investor_id,TEXT,InvestmentGoal,https://wealth.example.org/ontology/investorId,plain,4865,0
ATOM_ENTITY_INVESTMENT_GOAL_001,investment_goal,TEXT,InvestmentGoal,https://wealth.example.org/ontology/investmentGoal,plain,4600,265
ATOM_ENTITY_INVESTMENT_GOAL_001,description,TEXT,InvestmentGoal,https://wealth.example.org/ontology/description,plain,4672,193
ATOM_ENTITY_INVESTMENT_GOAL_001,target_amount,REAL,InvestmentGoal,https://wealth.example.org/ontology/targetAmount,http://www.w3.org/2001/XMLSchema#decimal,4672,193
ATOM_ENTITY_INVESTMENT_GOAL_001,current_value,REAL,InvestmentGoal,https://wealth.example.org/ontology/currentValue,http://www.w3.org/2001/XMLSchema#decimal,4672,193
ATOM_ENTITY_INVESTMENT_GOAL_001,progress_pct,REAL,InvestmentGoal,https://wealth.example.org/ontology/progressPct,http://www.w3.org/2001/XMLSchema#decimal | http://www.w3.org/2001/XMLSchema#double,4850,15
ATOM_ENTITY_INVESTMENT_GOAL_001,shortfall,REAL,InvestmentGoal,https://wealth.example.org/ontology/shortfall,http://www.w3.org/2001/XMLSchema#decimal,4489,376
ATOM_ENTITY_INVESTMENT_GOAL_001,time_to_goal_months,REAL,InvestmentGoal,https://wealth.example.org/ontology/timeToGoalMonths,http://www.w3.org/2001/XMLSchema#integer,4672,193
ATOM_ENTITY_INVESTMENT_GOAL_001,avg_annual_return_pct,REAL,InvestmentGoal,https://wealth.example.org/ontology/avgAnnualReturnPct,http://www.w3.org/2001/XMLSchema#decimal,4672,193
ATOM_ENTITY_INVESTMENT_GOAL_001,avg_post_tax_return_pct,REAL,InvestmentGoal,https://wealth.example.org/ontology/avgPostTaxReturnPct,http://www.w3.org/2001/XMLSchema#decimal,4672,193
ATOM_ENTITY_INVESTMENT_GOAL_001,avg_sharpe_ratio,REAL,InvestmentGoal,https://wealth.example.org/ontology/avgSharpeRatio,http://www.w3.org/2001/XMLSchema#decimal,4672,193
ATOM_ENTITY_INVESTMENT_GOAL_001,avg_volatility_pct,REAL,InvestmentGoal,https://wealth.example.org/ontology/avgVolatilityPct,http://www.w3.org/2001/XMLSchema#decimal,4672,193
ATOM_ENTITY_INVESTMENT_GOAL_001,std_dev_annual_return_pct,REAL,InvestmentGoal,https://wealth.example.org/ontology/stdDevAnnualReturnPct,http://www.w3.org/2001/XMLSchema#decimal,4672,193
ATOM_ENTITY_INVESTOR_PROFILE_001,investor_id,TEXT,Investor,https://wealth.example.org/ontology/investorId,plain,1550,0
ATOM_ENTITY_INVESTOR_PROFILE_001,investor_name,TEXT,Investor,https://wealth.example.org/ontology/investorName,plain,1550,0
ATOM_ENTITY_INVESTOR_PROFILE_001,investment_goal,TEXT,Investor,https://wealth.example.org/ontology/investmentGoal,plain,1473,77
ATOM_ENTITY_INVESTOR_PROFILE_001,risk_tolerance,TEXT,Investor,https://wealth.example.org/ontology/riskTolerance,plain,1473,77
ATOM_ENTITY_INVESTOR_PROFILE_001,time_horizon,TEXT,Investor,https://wealth.example.org/ontology/timeHorizon,plain,1473,77
ATOM_ENTITY_INVESTOR_PROFILE_001,sector_focus,TEXT,Investor,https://wealth.example.org/ontology/sectorFocus,plain,1473,77
ATOM_ENTITY_INVESTOR_PROFILE_001,segment,TEXT,Investor,https://wealth.example.org/ontology/segment,plain,1473,77
ATOM_ENTITY_INVESTOR_PROFILE_001,category,TEXT,Investor,https://wealth.example.org/ontology/category,plain,1473,77
ATOM_ENTITY_INVESTOR_PROFILE_001,notes,TEXT,Investor,https://wealth.example.org/ontology/notes,plain,1473,77
ATOM_ENTITY_PORTFOLIO_HEALTH_001,portfolio_health_id,TEXT,PortfolioHealth,https://wealth.example.org/ontology/portfolioHealthId,plain,1550,0
ATOM_ENTITY_PORTFOLIO_HEALTH_001,investor_id,TEXT,PortfolioHealth,https://wealth.example.org/ontology/investorId,plain,1550,0
ATOM_ENTITY_PORTFOLIO_HEALTH_001,goal_match_pct,REAL,PortfolioHealth,https://wealth.example.org/ontology/goalMatchPct,http://www.w3.org/2001/XMLSchema#decimal,1473,77
ATOM_ENTITY_PORTFOLIO_HEALTH_001,risk_score,REAL,PortfolioHealth,https://wealth.example.org/ontology/riskScore,http://www.w3.org/2001/XMLSchema#decimal,1473,77
ATOM_ENTITY_PORTFOLIO_HEALTH_001,liquidity_score,REAL,PortfolioHealth,https://wealth.example.org/ontology/liquidityScore,http://www.w3.org/2001/XMLSchema#decimal,1473,77
ATOM_ENTITY_PORTFOLIO_HEALTH_001,diversification_score,REAL,PortfolioHealth,https://wealth.example.org/ontology/diversificationScore,http://www.w3.org/2001/XMLSchema#decimal,1473,77
ATOM_ENTITY_PORTFOLIO_HOLDING_001,holding_id,TEXT,PortfolioHolding,https://wealth.example.org/ontology/holdingId,plain,15102,0
ATOM_ENTITY_PORTFOLIO_HOLDING_001,investor_id,TEXT,PortfolioHolding,https://wealth.example.org/ontology/investorId,plain,15102,0
ATOM_ENTITY_PORTFOLIO_HOLDING_001,investment_type,TEXT,PortfolioHolding,https://wealth.example.org/ontology/investmentType,plain,14347,755
ATOM_ENTITY_PORTFOLIO_HOLDING_001,investment_name,TEXT,PortfolioHolding,https://wealth.example.org/ontology/investmentName,plain,15102,0
ATOM_ENTITY_PORTFOLIO_HOLDING_001,sector,TEXT,PortfolioHolding,https://wealth.example.org/ontology/sector,plain,14347,755
ATOM_ENTITY_PORTFOLIO_HOLDING_001,segment,TEXT,PortfolioHolding,https://wealth.example.org/ontology/segment,plain,14347,755
ATOM_ENTITY_PORTFOLIO_HOLDING_001,category,TEXT,PortfolioHolding,https://wealth.example.org/ontology/category,plain,14347,755
ATOM_ENTITY_PORTFOLIO_HOLDING_001,purchase_date,TEXT,PortfolioHolding,https://wealth.example.org/ontology/purchaseDate,http://www.w3.org/2001/XMLSchema#date,14347,755
ATOM_ENTITY_PORTFOLIO_HOLDING_001,cost,REAL,PortfolioHolding,https://wealth.example.org/ontology/cost,http://www.w3.org/2001/XMLSchema#decimal,14347,755
ATOM_ENTITY_PORTFOLIO_HOLDING_001,current_value,REAL,PortfolioHolding,https://wealth.example.org/ontology/currentValue,http://www.w3.org/2001/XMLSchema#decimal,14347,755
ATOM_ENTITY_PORTFOLIO_HOLDING_001,returns_pct,REAL,PortfolioHolding,https://wealth.example.org/ontology/returnsPct,http://www.w3.org/2001/XMLSchema#decimal,15031,71
ATOM_ENTITY_PORTFOLIO_HOLDING_001,dividends,REAL,PortfolioHolding,https://wealth.example.org/ontology/dividends,http://www.w3.org/2001/XMLSchema#decimal,14347,755
ATOM_ENTITY_PORTFOLIO_HOLDING_001,taxes_paid,REAL,PortfolioHolding,https://wealth.example.org/ontology/taxesPaid,http://www.w3.org/2001/XMLSchema#decimal,14347,755
ATOM_ENTITY_SECTOR_ALLOCATION_001,sector_id,TEXT,SectorAllocation,https://wealth.example.org/ontology/sectorAllocationId,plain,3038,0
ATOM_ENTITY_SECTOR_ALLOCATION_001,investor_id,TEXT,SectorAllocation,https://wealth.example.org/ontology/investorId,plain,3038,0
ATOM_ENTITY_SECTOR_ALLOCATION_001,sector,TEXT,SectorAllocation,https://wealth.example.org/ontology/sector,plain,2887,151
ATOM_ENTITY_SECTOR_ALLOCATION_001,total_investment,REAL,SectorAllocation,https://wealth.example.org/ontology/totalInvestment,http://www.w3.org/2001/XMLSchema#decimal,1579,1459
ATOM_ENTITY_SECTOR_ALLOCATION_001,allocation_pct,REAL,SectorAllocation,https://wealth.example.org/ontology/allocationPct,http://www.w3.org/2001/XMLSchema#decimal,1579,1459
ATOM_EVENT_CASH_FLOW_001,cash_flow_id,TEXT,CashFlow,https://wealth.example.org/ontology/cashFlowId,plain,7828,0
ATOM_EVENT_CASH_FLOW_001,investor_id,TEXT,CashFlow,https://wealth.example.org/ontology/investorId,plain,7828,0
ATOM_EVENT_CASH_FLOW_001,date,TEXT,CashFlow,https://wealth.example.org/ontology/date,http://www.w3.org/2001/XMLSchema#date,7437,391
ATOM_EVENT_CASH_FLOW_001,type,TEXT,CashFlow,https://wealth.example.org/ontology/type,plain,7437,391
ATOM_EVENT_CASH_FLOW_001,amount,REAL,CashFlow,https://wealth.example.org/ontology/amount,http://www.w3.org/2001/XMLSchema#decimal,7437,391
ATOM_EVENT_CASH_FLOW_001,source,TEXT,CashFlow,https://wealth.example.org/ontology/source,plain,7437,391
ATOM_EVENT_CASH_FLOW_001,notes,TEXT,CashFlow,https://wealth.example.org/ontology/notes,plain,7437,391
ATOM_EVENT_REBALANCING_ACTION_001,rebalance_id,TEXT,RebalancingAction,https://wealth.example.org/ontology/rebalanceId,plain,6192,0
ATOM_EVENT_REBALANCING_ACTION_001,investor_id,TEXT,RebalancingAction,https://wealth.example.org/ontology/investorId,plain,6192,0
ATOM_EVENT_REBALANCING_ACTION_001,logic,TEXT,RebalancingAction,https://wealth.example.org/ontology/logic,plain,5883,309
ATOM_EVENT_REBALANCING_ACTION_001,action,TEXT,RebalancingAction,https://wealth.example.org/ontology/action,plain,5883,309
ATOM_EVENT_REBALANCING_ACTION_001,current_allocation_pct,REAL,RebalancingAction,https://wealth.example.org/ontology/currentAllocationPct,http://www.w3.org/2001/XMLSchema#decimal,5883,309
ATOM_EVENT_REBALANCING_ACTION_001,target_allocation_pct,REAL,RebalancingAction,https://wealth.example.org/ontology/targetAllocationPct,http://www.w3.org/2001/XMLSchema#decimal,5883,309
ATOM_EVENT_REBALANCING_ACTION_001,amount,REAL,RebalancingAction,https://wealth.example.org/ontology/amount,http://www.w3.org/2001/XMLSchema#decimal,5883,309
ATOM_EVENT_REBALANCING_ACTION_001,notes,TEXT,RebalancingAction,https://wealth.example.org/ontology/notes,plain,5883,309
ATOM_EVENT_SCENARIO_REBALANCING_001,scenario_rebalance_id,TEXT,ScenarioRebalancing,https://wealth.example.org/ontology/scenarioRebalanceId,plain,1549,0
ATOM_EVENT_SCENARIO_REBALANCING_001,investor_id,TEXT,ScenarioRebalancing,https://wealth.example.org/ontology/investorId,plain,1549,0
ATOM_EVENT_SCENARIO_REBALANCING_001,scenario,TEXT,ScenarioRebalancing,https://wealth.example.org/ontology/scenario,plain,1472,77
ATOM_EVENT_SCENARIO_REBALANCING_001,triggered_action,TEXT,ScenarioRebalancing,https://wealth.example.org/ontology/triggeredAction,plain,1472,77
ATOM_EVENT_SCENARIO_REBALANCING_001,affected_assets_sectors,TEXT,ScenarioRebalancing,https://wealth.example.org/ontology/affectedAssetsSectors,plain,1472,77
ATOM_EVENT_SCENARIO_REBALANCING_001,rationale,TEXT,ScenarioRebalancing,https://wealth.example.org/ontology/rationale,plain,1472,77
ATOM_EVENT_SCENARIO_REBALANCING_001,current_allocation_pct,REAL,ScenarioRebalancing,https://wealth.example.org/ontology/currentAllocationPct,http://www.w3.org/2001/XMLSchema#decimal,1472,77
ATOM_EVENT_SCENARIO_REBALANCING_001,new_allocation_pct,REAL,ScenarioRebalancing,https://wealth.example.org/ontology/newAllocationPct,http://www.w3.org/2001/XMLSchema#decimal,1472,77
