Sample Row ID,Question,Table Count,Ground Truth Tables,New Status,Scan Status,First Scan Error,Final Scan Error
wealth_management_70_question_benchmark:WM-1T-009,Which holdings have negative returns but positive dividends?,1,ATOM_ENTITY_PORTFOLIO_HOLDING_001,PARTIAL,success,SPARQL execution timed out after 60 seconds.,
wealth_management_enrichment_context_65_questions:EC-2T-004,Which Long-term investors have at least one Retirement Planning goal?,2,ATOM_ENTITY_INVESTOR_PROFILE_001; ATOM_ENTITY_INVESTMENT_GOAL_001,MISMATCH,error,SPARQL execution timed out after 60 seconds.,SPARQL execution timed out after 60 seconds.
wealth_management_multi_step_comparative_105_questions:MC-011,"Across time_horizon, how do scenario allocation change compare using two related tables?",2,ATOM_ENTITY_INVESTOR_PROFILE_001;ATOM_EVENT_SCENARIO_REBALANCING_001,PARTIAL,success,SPARQL execution timed out after 60 seconds.,
wealth_management_multi_step_comparative_105_questions:MC-016,"Across rebalance logic, how do scenario change compare using two related tables?",2,ATOM_EVENT_REBALANCING_ACTION_001;ATOM_EVENT_SCENARIO_REBALANCING_001,PARTIAL,success,SPARQL execution timed out after 60 seconds.,
wealth_management_reference_compliance_55_questions:RC-044,How do profile category counts compare with holding category counts for category values appearing in either table?,2,ATOM_ENTITY_INVESTOR_PROFILE_001;ATOM_ENTITY_PORTFOLIO_HOLDING_001,PARTIAL,success,SPARQL execution timed out after 60 seconds.,
wealth_management_temporal_transaction_65_questions:TT-017,"For each rebalancing action, what is the monthly cash-flow transaction count for investors with that action?",2,ATOM_EVENT_CASH_FLOW_001;ATOM_EVENT_REBALANCING_ACTION_001,MISMATCH,error,SPARQL execution timed out after 60 seconds.,SPARQL execution timed out after 60 seconds.
wealth_management_multi_step_comparative_105_questions:MC-019,"Across risk_tolerance, how do goal progress, health risk, and liquidity compare using three related tables?",3,ATOM_ENTITY_INVESTOR_PROFILE_001;ATOM_ENTITY_INVESTMENT_GOAL_001;ATOM_ENTITY_PORTFOLIO_HEALTH_001,MISMATCH,success,SPARQL execution timed out after 60 seconds.,
wealth_management_multi_step_comparative_105_questions:MC-050,"Across profile segment, how do cash-flow net amount, scenario change, and scenario count compare using three related tables?",3,ATOM_ENTITY_INVESTOR_PROFILE_001;ATOM_EVENT_CASH_FLOW_001;ATOM_EVENT_SCENARIO_REBALANCING_001,MISMATCH,error,,
wealth_management_scoring_quantitative_65_questions:SQA-3T-014,Which investors have holdings with returns_pct below 0 and goals with shortfall above 1000000?,3,ATOM_ENTITY_INVESTOR_PROFILE_001; ATOM_ENTITY_PORTFOLIO_HOLDING_001; ATOM_ENTITY_INVESTMENT_GOAL_001,PARTIAL,success,SPARQL execution timed out after 60 seconds.,
wealth_management_temporal_transaction_65_questions:TT-025,"For each risk_tolerance and cash-flow type, what is the average goal progress_pct?",3,ATOM_ENTITY_INVESTOR_PROFILE_001;ATOM_EVENT_CASH_FLOW_001;ATOM_ENTITY_INVESTMENT_GOAL_001,MATCH,success,SPARQL execution timed out after 60 seconds.,
wealth_management_temporal_transaction_65_questions:TT-029,Which ten investors have the highest net cash flow and average goal progress below 50?,3,ATOM_ENTITY_INVESTOR_PROFILE_001;ATOM_EVENT_CASH_FLOW_001;ATOM_ENTITY_INVESTMENT_GOAL_001,MISMATCH,error,SPARQL execution timed out after 60 seconds.,SPARQL execution timed out after 60 seconds.
wealth_management_enrichment_context_65_questions:EC-4T-011,"Which investors have Net Banking cash-flow source, Corporate holding sector, and Corporate allocation sector?",4,ATOM_ENTITY_INVESTOR_PROFILE_001; ATOM_EVENT_CASH_FLOW_001; ATOM_ENTITY_PORTFOLIO_HOLDING_001; ATOM_ENTITY_SECTOR_ALLOCATION_001,MATCH,success,SPARQL execution timed out after 60 seconds.,
wealth_management_multi_step_comparative_105_questions:MC-057,"Across risk_tolerance, how do holding gain, rebalancing amount, scenario change, and cash flow compare using four related tables?",4,ATOM_ENTITY_INVESTOR_PROFILE_001;ATOM_ENTITY_PORTFOLIO_HOLDING_001;ATOM_EVENT_REBALANCING_ACTION_001;ATOM_EVENT_SCENARIO_REBALANCING_001,MISMATCH,error,SPARQL execution timed out after 60 seconds.,SPARQL execution timed out after 60 seconds.
wealth_management_multi_step_comparative_105_questions:MC-066,"Across time_horizon, how do cash flow, scenario change, allocation concentration, and sector investment compare using four related tables?",4,ATOM_ENTITY_INVESTOR_PROFILE_001;ATOM_EVENT_CASH_FLOW_001;ATOM_EVENT_SCENARIO_REBALANCING_001;ATOM_ENTITY_SECTOR_ALLOCATION_001,MISMATCH,error,SPARQL execution timed out after 60 seconds.,SPARQL execution timed out after 60 seconds.
wealth_management_multi_step_comparative_105_questions:MC-076,"Across profile category, how do cash flow, scenario change, allocation concentration, and sector investment compare using four related tables?",4,ATOM_ENTITY_INVESTOR_PROFILE_001;ATOM_EVENT_CASH_FLOW_001;ATOM_EVENT_SCENARIO_REBALANCING_001;ATOM_ENTITY_SECTOR_ALLOCATION_001,MISMATCH,error,'NotBoundError' object has no attribute 'datatype',SPARQL execution timed out after 60 seconds.
wealth_management_multi_step_comparative_105_questions:MC-079,"Across profile category, how do transaction count, holding count, goal count, and scenario count compare using four related tables?",4,ATOM_ENTITY_INVESTOR_PROFILE_001;ATOM_EVENT_CASH_FLOW_001;ATOM_ENTITY_PORTFOLIO_HOLDING_001;ATOM_EVENT_SCENARIO_REBALANCING_001,MISMATCH,success,SPARQL execution timed out after 60 seconds.,
wealth_management_multi_step_comparative_105_questions:MC-081,Which ten investors have the highest four-table comparative score where score = net cash flow + holding gain - average shortfall + rebalance amount?,4,ATOM_ENTITY_INVESTOR_PROFILE_001;ATOM_EVENT_CASH_FLOW_001;ATOM_ENTITY_PORTFOLIO_HOLDING_001;ATOM_ENTITY_INVESTMENT_GOAL_001,MATCH,success,SPARQL execution timed out after 60 seconds.,
wealth_management_scoring_quantitative_65_questions:SQA-4T-005,"How do average returns_pct, avg_sharpe_ratio, and risk_score compare by profile category?",4,ATOM_ENTITY_INVESTOR_PROFILE_001; ATOM_ENTITY_PORTFOLIO_HOLDING_001; ATOM_ENTITY_INVESTMENT_GOAL_001; ATOM_ENTITY_PORTFOLIO_HEALTH_001,MISMATCH,error,SPARQL execution timed out after 60 seconds.,SPARQL execution timed out after 60 seconds.
wealth_management_scoring_quantitative_65_questions:SQA-4T-014,"Which investors have total_holding_gain below 0, net_cash_flow below 0, and risk_pressure_score above 180, where risk_pressure_score = risk_score + (100 - liquidity_score) + (100 - diversification_score)?",4,ATOM_ENTITY_INVESTOR_PROFILE_001; ATOM_ENTITY_PORTFOLIO_HOLDING_001; ATOM_EVENT_CASH_FLOW_001; ATOM_ENTITY_PORTFOLIO_HEALTH_001,MISMATCH,error,SPARQL execution timed out after 60 seconds.,SPARQL execution timed out after 60 seconds.
wealth_management_temporal_transaction_65_questions:TT-055,"For each cash-flow month and triggered_action, what is the average action amount?",4,ATOM_ENTITY_INVESTOR_PROFILE_001;ATOM_EVENT_CASH_FLOW_001;ATOM_EVENT_REBALANCING_ACTION_001;ATOM_EVENT_SCENARIO_REBALANCING_001,MISMATCH,error,SPARQL execution timed out after 60 seconds.,SPARQL execution timed out after 60 seconds.
wealth_management_temporal_transaction_65_questions:TT-056,"Which investors have Redemption transactions, Manual Override actions, and Flash Crash scenarios?",4,ATOM_ENTITY_INVESTOR_PROFILE_001;ATOM_EVENT_CASH_FLOW_001;ATOM_EVENT_REBALANCING_ACTION_001;ATOM_EVENT_SCENARIO_REBALANCING_001,MISMATCH,error,SPARQL execution timed out after 60 seconds.,SPARQL execution timed out after 60 seconds.
wealth_management_70_question_benchmark:WM-5T-001,"Which Aggressive investors have an underfunded goal, a Gold holding, risk score above 60, and sector allocation above 30%?",5,ATOM_ENTITY_INVESTOR_PROFILE_001; ATOM_ENTITY_INVESTMENT_GOAL_001; ATOM_ENTITY_PORTFOLIO_HOLDING_001; ATOM_ENTITY_PORTFOLIO_HEALTH_001; ATOM_ENTITY_SECTOR_ALLOCATION_001,MISMATCH,error,SPARQL execution timed out after 60 seconds.,SPARQL execution timed out after 60 seconds.
wealth_management_at_risk_critical_70_questions:ARC-5T-002,"Which investors have Withdrawal cash flows, negative-return holdings, allocation_pct above 30, and liquidity_score below 30?",5,ATOM_ENTITY_INVESTOR_PROFILE_001; ATOM_EVENT_CASH_FLOW_001; ATOM_ENTITY_PORTFOLIO_HOLDING_001; ATOM_ENTITY_SECTOR_ALLOCATION_001; ATOM_ENTITY_PORTFOLIO_HEALTH_001,MISMATCH,error,SPARQL execution timed out after 60 seconds.,SPARQL execution timed out after 60 seconds.
wealth_management_at_risk_critical_70_questions:ARC-5T-012,"Which investors have risk_score above 100, allocation_pct above 100, negative-return holdings, and underfunded goals?",5,ATOM_ENTITY_INVESTOR_PROFILE_001; ATOM_ENTITY_PORTFOLIO_HEALTH_001; ATOM_ENTITY_SECTOR_ALLOCATION_001; ATOM_ENTITY_PORTFOLIO_HOLDING_001; ATOM_ENTITY_INVESTMENT_GOAL_001,MATCH,error,SPARQL execution timed out after 60 seconds.,SPARQL execution timed out after 60 seconds.
wealth_management_enrichment_context_65_questions:EC-5T-009,"Which investors combine Retirement Planning goals, Bear Market scenarios, De-risking actions, poor diversification below 25, and Technology allocation?",5,ATOM_ENTITY_INVESTOR_PROFILE_001; ATOM_ENTITY_INVESTMENT_GOAL_001; ATOM_EVENT_SCENARIO_REBALANCING_001; ATOM_EVENT_REBALANCING_ACTION_001; ATOM_ENTITY_PORTFOLIO_HEALTH_001,MISMATCH,error,SPARQL execution timed out after 60 seconds.,SPARQL execution timed out after 60 seconds.
wealth_management_multi_step_comparative_105_questions:MC-089,"Across time_horizon, how do net cash flow, goal progress, holding gain, risk score, and allocation concentration compare using five related tables?",5,ATOM_ENTITY_INVESTOR_PROFILE_001;ATOM_EVENT_CASH_FLOW_001;ATOM_ENTITY_INVESTMENT_GOAL_001;ATOM_ENTITY_PORTFOLIO_HOLDING_001;ATOM_ENTITY_PORTFOLIO_HEALTH_001,MISMATCH,error,SPARQL execution timed out after 60 seconds.,SPARQL execution timed out after 60 seconds.
wealth_management_multi_step_comparative_105_questions:MC-096,"Across profile category, how do net cash flow, goal progress, holding gain, risk score, and allocation concentration compare using five related tables?",5,ATOM_ENTITY_INVESTOR_PROFILE_001;ATOM_EVENT_CASH_FLOW_001;ATOM_ENTITY_INVESTMENT_GOAL_001;ATOM_ENTITY_PORTFOLIO_HOLDING_001;ATOM_ENTITY_PORTFOLIO_HEALTH_001,MISMATCH,success,SPARQL execution timed out after 60 seconds.,
wealth_management_multi_step_comparative_105_questions:MC-097,"Across profile category, how do goal shortfall, holding value, allocation concentration, liquidity, and diversification compare using five related tables?",5,ATOM_ENTITY_INVESTOR_PROFILE_001;ATOM_ENTITY_INVESTMENT_GOAL_001;ATOM_ENTITY_PORTFOLIO_HOLDING_001;ATOM_ENTITY_SECTOR_ALLOCATION_001;ATOM_ENTITY_PORTFOLIO_HEALTH_001,MISMATCH,error,SPARQL execution timed out after 60 seconds.,SPARQL execution timed out after 60 seconds.
wealth_management_multi_step_comparative_105_questions:MC-098,"Across profile category, how do cash flow, rebalancing amount, scenario change, risk score, and goal match compare using five related tables?",5,ATOM_ENTITY_INVESTOR_PROFILE_001;ATOM_EVENT_CASH_FLOW_001;ATOM_EVENT_REBALANCING_ACTION_001;ATOM_EVENT_SCENARIO_REBALANCING_001;ATOM_ENTITY_PORTFOLIO_HEALTH_001,MISMATCH,error,SPARQL execution timed out after 60 seconds.,SPARQL execution timed out after 60 seconds.
wealth_management_multi_step_comparative_105_questions:MC-099,"Across profile category, how do holding gain, allocation concentration, rebalancing gap, scenario change, and goal volatility compare using five related tables?",5,ATOM_ENTITY_INVESTOR_PROFILE_001;ATOM_ENTITY_PORTFOLIO_HOLDING_001;ATOM_ENTITY_SECTOR_ALLOCATION_001;ATOM_EVENT_REBALANCING_ACTION_001;ATOM_EVENT_SCENARIO_REBALANCING_001,MATCH,success,SPARQL execution timed out after 60 seconds.,
wealth_management_scoring_quantitative_65_questions:SQA-5T-005,"Which investors have average avg_sharpe_ratio below 0, average avg_volatility_pct above 20, negative total_holding_gain, and risk_score above 50?",5,ATOM_ENTITY_INVESTOR_PROFILE_001; ATOM_ENTITY_INVESTMENT_GOAL_001; ATOM_ENTITY_PORTFOLIO_HOLDING_001; ATOM_ENTITY_PORTFOLIO_HEALTH_001; ATOM_EVENT_CASH_FLOW_001,PARTIAL,success,SPARQL execution timed out after 60 seconds.,
wealth_management_temporal_transaction_65_questions:TT-062,"For each investment_goal, rebalancing logic, and scenario, what is the total cash-flow amount?",5,ATOM_ENTITY_INVESTOR_PROFILE_001;ATOM_EVENT_CASH_FLOW_001;ATOM_ENTITY_INVESTMENT_GOAL_001;ATOM_EVENT_REBALANCING_ACTION_001;ATOM_EVENT_SCENARIO_REBALANCING_001,PARTIAL,success,SPARQL execution timed out after 60 seconds.,
wealth_management_temporal_transaction_65_questions:TT-063,Which ten investors have the highest temporal pressure score where score = 2025 net cash flow + rebalance amount - goal shortfall + scenario allocation change?,5,ATOM_ENTITY_INVESTOR_PROFILE_001;ATOM_EVENT_CASH_FLOW_001;ATOM_ENTITY_INVESTMENT_GOAL_001;ATOM_EVENT_REBALANCING_ACTION_001;ATOM_EVENT_SCENARIO_REBALANCING_001,MISMATCH,success,SPARQL execution timed out after 60 seconds.,
