id,grade,key,ground_rows,answer_rows,same_key_multiset,same_key_set,same_full_row_multiset,missing_unique_keys,extra_unique_keys,ground_chars,answer_chars
wealth_management_125_question_benchmark:WM125-3T-023,PARTIAL,investor_id,16,18,False,True,False,0,0,994,2480
wealth_management_125_question_benchmark:WM125-4T-007,PARTIAL,investor_id,11,12,False,True,False,0,0,673,734
wealth_management_125_question_benchmark:WM125-5T-011,PARTIAL,investor_id,15,60,False,True,False,0,0,918,3668
wealth_management_at_risk_critical_125_questions:ARC125-1T-013,PARTIAL,goal_id,4013,4013,True,True,False,0,0,404547,339184
wealth_management_at_risk_critical_125_questions:ARC125-1T-015,PARTIAL,goal_id,2420,2420,True,True,False,0,0,234216,260742
wealth_management_at_risk_critical_125_questions:ARC125-1T-019,PARTIAL,holding_id,656,656,True,True,False,0,0,90179,102691
wealth_management_at_risk_critical_125_questions:ARC125-1T-016,PARTIAL,goal_id,2665,2665,True,True,False,0,0,262309,291480
wealth_management_at_risk_critical_125_questions:ARC125-5T-005,PARTIAL,investor_id,7,16,False,True,False,0,0,429,977
wealth_management_at_risk_critical_125_questions:ARC125-5T-013,PARTIAL,investor_id,7,18,False,True,False,0,0,430,1110
wealth_management_at_risk_critical_125_questions:ARC125-5T-014,PARTIAL,investor_id,6,17,False,True,False,0,0,372,1054
wealth_management_batch_status_125_questions:BSQ125-1T-011,MISMATCH,goal_id,2251,2420,False,False,False,0,169,157387,170122
wealth_management_multi_step_comparative_125_questions:MC125-048,PARTIAL,investor_id,10,10,False,False,False,2,2,1513,606
wealth_management_multi_step_comparative_125_questions:MC125-052,MISMATCH,investor_id,10,10,False,False,False,8,8,1333,663
wealth_management_multi_step_comparative_125_questions:MC125-055,PARTIAL,investor_id,10,10,True,True,False,0,0,1524,596
wealth_management_multi_step_comparative_125_questions:MC125-054,PARTIAL,investor_id,10,10,True,True,False,0,0,1505,596
wealth_management_multi_step_comparative_125_questions:MC125-056,PARTIAL,investor_id,10,10,True,True,False,0,0,1403,661
wealth_management_multi_step_comparative_125_questions:MC125-058,PARTIAL,investor_id,10,10,True,True,False,0,0,1513,653
wealth_management_multi_step_comparative_125_questions:MC125-082,PARTIAL,investor_id,10,10,False,False,False,2,2,1824,604
wealth_management_multi_step_comparative_125_questions:MC125-084,PARTIAL,investor_id,10,10,False,False,False,1,1,1619,663
wealth_management_multi_step_comparative_125_questions:MC125-085,PARTIAL,investor_id,10,10,False,False,False,1,1,1805,656
wealth_management_multi_step_comparative_125_questions:MC125-083,PARTIAL,investor_id,10,10,True,True,False,0,0,1661,665
wealth_management_multi_step_comparative_125_questions:MC125-095,PARTIAL,investor_id,10,10,True,True,False,0,0,1629,659
wealth_management_multi_step_comparative_125_questions:MC125-112,PARTIAL,investor_id,10,10,True,True,False,0,0,2098,655
wealth_management_multi_step_comparative_125_questions:MC125-109,PARTIAL,investor_id,10,10,False,False,False,1,1,2125,604
wealth_management_multi_step_comparative_125_questions:MC125-115,PARTIAL,investor_id,10,10,False,False,False,1,1,2116,655
wealth_management_multi_step_comparative_125_questions:MC125-118,PARTIAL,investor_id,10,10,True,True,False,0,0,1913,662
wealth_management_multi_step_comparative_125_questions:MC125-120,PARTIAL,investor_id,10,10,False,False,False,2,2,1963,666
wealth_management_multi_step_comparative_125_questions:MC125-119,PARTIAL,investor_id,10,10,False,False,False,1,1,2009,668
wealth_management_reference_compliance_125_questions:RC125-031,PARTIAL,holding_id,755,755,True,True,False,0,0,62174,270850
wealth_management_reference_compliance_125_questions:RC125-031,PARTIAL,investor_id,755,755,True,True,False,0,0,62174,270850
wealth_management_reference_compliance_125_questions:RC125-040,PARTIAL,sector_id,1459,1459,True,True,False,0,0,118719,226894
wealth_management_reference_compliance_125_questions:RC125-040,PARTIAL,investor_id,1459,1459,True,True,False,0,0,118719,226894
wealth_management_reference_compliance_125_questions:RC125-043,PARTIAL,goal_id,265,265,True,True,False,0,0,19371,119653
wealth_management_reference_compliance_125_questions:RC125-043,PARTIAL,investor_id,265,265,True,True,False,0,0,19371,119653
wealth_management_reference_compliance_125_questions:RC125-052,PARTIAL,cash_flow_id,391,391,True,True,False,0,0,32969,81237
wealth_management_reference_compliance_125_questions:RC125-052,PARTIAL,investor_id,391,391,True,True,False,0,0,32969,81237
wealth_management_reference_compliance_125_questions:RC125-118,PARTIAL,investor_id,573,573,True,True,True,0,0,16238,16238
wealth_management_reference_compliance_125_questions:RC125-122,PARTIAL,investor_id,573,573,True,True,True,0,0,16238,16238
wealth_management_scoring_quantitative_125_questions:SQA125-1T-015,MISMATCH,goal_id,10,7,False,False,False,10,7,1124,859
wealth_management_scoring_quantitative_125_questions:SQA125-1T-017,PARTIAL,holding_id,1311,1311,True,True,False,0,0,139993,155238
wealth_management_scoring_quantitative_125_questions:SQA125-1T-030,MISMATCH,sector_id,10,10,False,False,False,10,10,1395,1124
wealth_management_scoring_quantitative_125_questions:SQA125-3T-002,GRADER_API_ERROR,investor_id,10,10,True,True,False,0,0,1029,667
wealth_management_scoring_quantitative_125_questions:SQA125-3T-001,GRADER_API_ERROR,investor_id,72,72,True,True,False,0,0,8311,9491
wealth_management_scoring_quantitative_125_questions:SQA125-3T-009,PARTIAL,investor_id,2,56,False,False,False,0,54,221,3443
wealth_management_scoring_quantitative_125_questions:SQA125-3T-021,PARTIAL,investor_id,3,59,False,False,False,0,56,326,3593
wealth_management_scoring_quantitative_125_questions:SQA125-3T-026,PARTIAL,investor_id,46,128,False,False,False,0,82,4943,3625
wealth_management_scoring_quantitative_125_questions:SQA125-3T-028,PARTIAL,investor_id,1,64,False,False,False,0,63,109,3929
wealth_management_scoring_quantitative_125_questions:SQA125-4T-007,PARTIAL,investor_id,66,67,False,False,False,0,1,8650,12108
wealth_management_scoring_quantitative_125_questions:SQA125-4T-010,PARTIAL,investor_id,2,2,True,True,False,0,0,251,341
wealth_management_temporal_transaction_125_questions:TT125-007,MISMATCH,investor_id,10,10,False,False,False,10,10,576,534
