section,metric,value
Qwen14,rows,200
Qwen14,unique_questions,180
Qwen14,status_MATCH,98
Qwen14,status_PARTIAL,46
Qwen14,status_MISMATCH,53
Qwen14,status_CRASH,3
Qwen14,llm_graded_rows,81
Qwen14,match_not_llm,58
Qwen32,rows,200
Qwen32,unique_questions,180
Qwen32,status_MATCH,51
Qwen32,status_PARTIAL,40
Qwen32,status_MISMATCH,109
Qwen32,status_CRASH,0
Qwen32,llm_graded_rows,98
Qwen32,match_not_llm,51
overlap,questions,180
overlap,qwen14_better_final,62
overlap,qwen32_better_final,17
overlap,tie_final,101
dag_winner,Qwen14,72
dag_winner,Tie,55
dag_winner,Qwen32,53
sparql_winner,Qwen14,90
sparql_winner,Tie,66
sparql_winner,Qwen32,24
