run_id,query_id,attempt_id,processing_seconds,cycle_seconds,llm_seconds,llm_calls,status
bbd3c0eeb26847e2b302a34ec4940694,T1_017,96d0165c1c87443db0bec764fbcb88c6,57.686,57.69341149999673,57.594252800001414,6,PIPELINE_SUCCESS
bbd3c0eeb26847e2b302a34ec4940694,T1_037,8d3faff5b93e4ee58b97e1e5d2383708,43.716,43.71845469999971,43.642734700013534,6,PIPELINE_SUCCESS
bbd3c0eeb26847e2b302a34ec4940694,T1_024,b37214c5d7534c7ca2b96406059681e8,108.086,108.09882649999781,108.00613409999642,14,QUERY_SPEC_ERROR
bbd3c0eeb26847e2b302a34ec4940694,T1_001,650ff35f769d4c4fafa4678e947ae805,126.749,126.75052800000412,126.64912870000262,12,QUERY_SPEC_ERROR
bbd3c0eeb26847e2b302a34ec4940694,T1_047,987f2b745a2c476498819e769775462d,32.932,32.93290379999962,32.65906830000313,7,PIPELINE_SUCCESS
bbd3c0eeb26847e2b302a34ec4940694,T1_019,f72877a1311f47d1ab8ab602dbaea0c7,173.606,173.62332269999752,173.5175820000004,7,PIPELINE_SUCCESS
bbd3c0eeb26847e2b302a34ec4940694,T1_073,10d3b64ec78a45d1b95e13262591af5d,77.253,77.25400649999938,77.12202740000794,10,PIPELINE_SUCCESS
bbd3c0eeb26847e2b302a34ec4940694,T1_065,fc381b4bf35f45928e2a9558502ed416,110.607,110.60736550000001,110.53300070000842,14,QUERY_SPEC_ERROR
bbd3c0eeb26847e2b302a34ec4940694,T1_075,8893e5eac0ab468c889b2454425e2481,42.047,42.04810510000243,41.972967900001095,6,PIPELINE_SUCCESS
bbd3c0eeb26847e2b302a34ec4940694,T1_067,eaccc71127cf4f8ba32d23b98ac7b3ee,141.527,141.52751459999854,141.3996899000049,16,PIPELINE_SUCCESS
bbd3c0eeb26847e2b302a34ec4940694,T1_076,22f80905c28242dea858cf6f519f8835,128.663,128.66354390000197,128.5772974000065,16,QUERY_SPEC_ERROR
bbd3c0eeb26847e2b302a34ec4940694,T1_134,669a5d2c35b643cca70614f5e290d2ad,49.502,49.502645499997016,49.387360799992166,6,PIPELINE_SUCCESS
bbd3c0eeb26847e2b302a34ec4940694,T1_088,864d81a95b4743d9bad09a9d22380fda,101.332,101.33243300000322,101.16665369999828,8,PIPELINE_SUCCESS
bbd3c0eeb26847e2b302a34ec4940694,T1_094,b9301cf6545e474c9f133a5e4c83976b,91.054,91.05474900000263,90.91771979999612,10,PIPELINE_SUCCESS
bbd3c0eeb26847e2b302a34ec4940694,T1_147,a7c247e9c82647e1b23f471671d6f9bc,59.907,59.90757879999728,59.696913899999345,7,PIPELINE_SUCCESS
bbd3c0eeb26847e2b302a34ec4940694,T1_152,28feea3d5af840d692f02797fe4a8bc9,63.444,63.44493330000114,63.36095399999613,6,PIPELINE_SUCCESS
bbd3c0eeb26847e2b302a34ec4940694,T1_153,2d8e61860a4645ca961c6fedabe4ae6b,35.035,35.03591790000064,34.95365999999194,7,PIPELINE_SUCCESS
bbd3c0eeb26847e2b302a34ec4940694,T1_160,3beb48b9919b4fbf9a624bf932ab8286,40.372,40.37270290000015,40.303199800000584,5,PIPELINE_SUCCESS
bbd3c0eeb26847e2b302a34ec4940694,T1_148,22254249e6964af6a638588969d06fa7,126.402,126.40275660000043,126.22243229999731,7,PIPELINE_SUCCESS
bbd3c0eeb26847e2b302a34ec4940694,T1_161,43033b96032644cb863d146d09ee6fae,63.537,63.53905890000169,63.397860899996886,8,PIPELINE_SUCCESS
bbd3c0eeb26847e2b302a34ec4940694,T1_154,b16f05c11319448dbe7b683334950c31,90.89,90.8909569000025,90.76250409999193,10,PIPELINE_SUCCESS
bbd3c0eeb26847e2b302a34ec4940694,T2_001,14ff60c4d4d24083a6cfb1c9b437bdb4,34.195,34.195577200000116,34.095271799997136,8,FINAL_SPEC_ERROR
bbd3c0eeb26847e2b302a34ec4940694,T2_003,c48303aaff714a52b903b68e7dbf3091,50.357,50.35815060000459,50.27961339999456,7,PIPELINE_SUCCESS
bbd3c0eeb26847e2b302a34ec4940694,T1_165,ad5cff55b8e146f38a9476244e57bc48,99.241,99.24157679999917,99.14877260000503,7,PIPELINE_SUCCESS
bbd3c0eeb26847e2b302a34ec4940694,T2_006,3a0e8fa2987b4702a681c8543f0c27c9,107.261,107.26165279999987,107.1813983999964,7,PIPELINE_SUCCESS
bbd3c0eeb26847e2b302a34ec4940694,T2_020,9c261668217744fe9fe296bada926730,100.434,100.43445110000175,100.2909656999982,8,PIPELINE_SUCCESS
bbd3c0eeb26847e2b302a34ec4940694,T2_021,35586191025c4938bd5dd3f5a0b4b4f2,63.684,63.684961300001305,63.597023200003605,6,PIPELINE_SUCCESS
bbd3c0eeb26847e2b302a34ec4940694,T2_017,9897b780950e4f07b87a54242145b8b5,143.024,143.02421050000703,142.86359949999314,13,PIPELINE_SUCCESS
bbd3c0eeb26847e2b302a34ec4940694,T2_005,df213ce134524e66865a80728d4f85f8,181.587,181.58787799999845,181.28825869999127,12,PIPELINE_SUCCESS
bbd3c0eeb26847e2b302a34ec4940694,T2_023,610b144fa04e4db09d0d05e221c5eff0,82.127,82.12790459999815,82.02427359998546,10,PIPELINE_SUCCESS
bbd3c0eeb26847e2b302a34ec4940694,T2_031,a08e420ef9b641bbbe4860938c764e89,139.319,139.3193379000004,139.14295239999046,11,PIPELINE_SUCCESS
bbd3c0eeb26847e2b302a34ec4940694,T2_038,30d94a000981444aa6c0d8ecefbd619c,104.535,104.53583010000148,104.43883620001725,8,PIPELINE_SUCCESS
bbd3c0eeb26847e2b302a34ec4940694,T2_034,c4ef24c980e24273b2c7395beba38902,141.302,141.30302699999447,141.10996599999635,8,PIPELINE_SUCCESS
bbd3c0eeb26847e2b302a34ec4940694,T2_039,70b5899b30654d059fdfd6d1f0ad972d,97.704,97.70461399999476,97.49910910000472,10,PIPELINE_SUCCESS
bbd3c0eeb26847e2b302a34ec4940694,T2_048,14809c61d9bd48afbc3b5c9df65e8c1f,29.634,29.634749199998623,29.57218520000606,5,PIPELINE_SUCCESS
bbd3c0eeb26847e2b302a34ec4940694,T2_040,b5ccdc6337054b9380598c45f1b2d587,206.319,206.32125879999512,205.86262319999514,16,PIPELINE_SUCCESS
bbd3c0eeb26847e2b302a34ec4940694,T2_042,f7254e0b24ce45c7b74f1c6418764ed3,202.487,202.48817360000248,202.41445770000428,10,QUERY_SPEC_ERROR
bbd3c0eeb26847e2b302a34ec4940694,T2_054,9197f8401e2443e996e74bdbbb7081bc,280.929,280.92938649999996,280.5999484999993,13,PIPELINE_SUCCESS
bbd3c0eeb26847e2b302a34ec4940694,T2_053,411ef59e0bb84d30935707c68963411f,311.246,311.24675969999953,310.98642709999694,14,PIPELINE_SUCCESS
bbd3c0eeb26847e2b302a34ec4940694,T2_056,1580e1e17b8e4bd9b017faca82b80046,157.758,157.7640137999988,157.50483030000032,10,PIPELINE_SUCCESS
bbd3c0eeb26847e2b302a34ec4940694,T2_061,8a673c6e270c41078f24b92ce0d6147c,172.652,172.65287280000484,172.53955589999532,15,DECOMPOSITION_ERROR
bbd3c0eeb26847e2b302a34ec4940694,T2_067,aeecc24a682647e09b8186e87f0aa03a,73.253,73.255313200003,73.16204170000856,7,PIPELINE_SUCCESS
bbd3c0eeb26847e2b302a34ec4940694,T2_071,b6d2533c1a07477cb49b4d47484104ca,64.38,64.38062920000084,64.26612759999261,7,PIPELINE_SUCCESS
bbd3c0eeb26847e2b302a34ec4940694,T2_069,54611de4843743ef8b8c9cb6be68ddb9,119.416,119.4171148999958,119.28917889999866,8,PIPELINE_SUCCESS
bbd3c0eeb26847e2b302a34ec4940694,T2_080,0171dca2657d4334bc61f511cd88670e,70.746,70.74770260000514,70.60930380001082,8,PIPELINE_SUCCESS
bbd3c0eeb26847e2b302a34ec4940694,T2_081,75e65b2834c047f999cfc4ed23cf8d01,53.35,53.35102999999799,53.20487690001028,6,PIPELINE_SUCCESS
bbd3c0eeb26847e2b302a34ec4940694,T2_079,6ef0ec776aa7452d86a4f3b3ddd64249,104.729,104.73066180000023,104.37188710000191,8,PIPELINE_SUCCESS
bbd3c0eeb26847e2b302a34ec4940694,T2_057,c7160b0645d54f1d849a83ef9aa537d3,231.709,231.7097414999953,231.60691450000013,16,QUERY_SPEC_ERROR
bbd3c0eeb26847e2b302a34ec4940694,T2_090,e0061bfb1b5741bfb3ea4a24ef5e7055,23.742,23.743303499999456,23.669225499994354,5,PIPELINE_SUCCESS
bbd3c0eeb26847e2b302a34ec4940694,T2_085,ce0d144be5d446dba5d3d878529c9241,144.924,144.92524949999643,144.74748790000012,15,PIPELINE_SUCCESS
bbd3c0eeb26847e2b302a34ec4940694,T3_001,99523c4569b64cf8b07b97d3b3343bfb,110.186,110.18703400000231,109.99599159999343,9,PIPELINE_SUCCESS
bbd3c0eeb26847e2b302a34ec4940694,T2_091,b3af2fbf5c9146b8a154688037ee4dd9,168.454,168.4550706999944,168.3636456999957,16,QUERY_SPEC_ERROR
bbd3c0eeb26847e2b302a34ec4940694,T2_078,a8495932b79f482da0152d2218bbfa37,328.243,328.24491529999796,327.9009648000065,19,FINAL_SPEC_ERROR
bbd3c0eeb26847e2b302a34ec4940694,T3_005,e77d3cc45bc7480a94640906507f75a3,194.928,194.92863860000216,194.69556230001035,18,PIPELINE_SUCCESS
bbd3c0eeb26847e2b302a34ec4940694,T3_009,9e9a9c92de1b41fc81cdad2bbc7ce914,56.18,56.18114319999586,55.97794769999746,7,PIPELINE_SUCCESS
bbd3c0eeb26847e2b302a34ec4940694,T3_004,c94fc23b73c544949ab3b793b0c8c47e,231.683,231.68350420000206,231.55900559997826,19,QUERY_SPEC_ERROR
bbd3c0eeb26847e2b302a34ec4940694,T3_007,ebb25b88c67f4e8692d90b117824c0e9,255.096,255.0965348000027,254.99433709998993,19,QUERY_SPEC_ERROR
bbd3c0eeb26847e2b302a34ec4940694,T3_017,335f666fcbf349b4a83ded7be7239107,60.118,60.12392209999962,59.96393079999689,6,PIPELINE_SUCCESS
bbd3c0eeb26847e2b302a34ec4940694,T3_012,30725696576643a8b55761ddb762cc00,124.035,124.03588920000038,123.88188179999997,8,PIPELINE_SUCCESS
bbd3c0eeb26847e2b302a34ec4940694,T3_014,a6c34c5874114224a7f4e1f8a2f44148,126.675,126.67670190000354,126.49420339999779,8,PIPELINE_SUCCESS
bbd3c0eeb26847e2b302a34ec4940694,T3_019,623bff8bad15474ca01cbb17a0fa83e2,54.052,54.05325189999712,53.81157089999033,6,PIPELINE_SUCCESS
bbd3c0eeb26847e2b302a34ec4940694,T3_011,7f02c04ad37e4910a669de6cf210b3e9,114.582,114.58530289999908,114.35495280001487,9,PIPELINE_SUCCESS
bbd3c0eeb26847e2b302a34ec4940694,T3_022,0fc89b0a8ac8489f8ac20588e0496659,116.128,116.13013459999638,115.99031020001712,8,PIPELINE_SUCCESS
bbd3c0eeb26847e2b302a34ec4940694,T3_020,0e8a83ac26d744a4ae4b293322668269,169.33,169.3308801000021,169.06473910000932,13,PIPELINE_SUCCESS
bbd3c0eeb26847e2b302a34ec4940694,T3_021,24b20803fad943f18a7bbcb7e9c2eec1,203.64,203.64110280000023,203.41544439998688,15,FINAL_SPEC_ERROR
bbd3c0eeb26847e2b302a34ec4940694,T3_025,46961de8089f42e48cb2e7052efac081,144.368,144.36903719999827,144.1032586000074,11,PIPELINE_SUCCESS
bbd3c0eeb26847e2b302a34ec4940694,T3_031,d0acb06129f844459279a2f3e9ea88f2,140.073,140.0738057999988,140.00942080000823,10,DECOMPOSITION_ERROR
bbd3c0eeb26847e2b302a34ec4940694,T3_024,21651b4a246541e792cc70ff779cf005,199.984,199.98538780000672,199.90410820000398,12,DECOMPOSITION_ERROR
bbd3c0eeb26847e2b302a34ec4940694,T3_033,5d94256c09a74c00b469fe1f24b3fb01,98.023,98.02364749999833,97.85653759999695,8,PIPELINE_SUCCESS
bbd3c0eeb26847e2b302a34ec4940694,T3_032,bab20a11c3bc4672af069b393e888152,128.011,128.01503109999612,127.80633379999927,11,PIPELINE_SUCCESS
bbd3c0eeb26847e2b302a34ec4940694,T3_035,863864897d14405fb67fd26c92bb9279,92.754,92.75500509999983,92.53608620000159,10,PIPELINE_SUCCESS
bbd3c0eeb26847e2b302a34ec4940694,T3_034,3d0e109496e142d89ed2cbf10c1b66c6,119.874,119.87570409999898,119.69605580000643,10,PIPELINE_SUCCESS
bbd3c0eeb26847e2b302a34ec4940694,T3_036,ff65f2b28c5b46b9938d9fc7254ee036,172.961,172.9623511999962,172.88191150000057,12,QUERY_SPEC_ERROR
bbd3c0eeb26847e2b302a34ec4940694,T3_038,28af87fd61a6493e8264f3dbb0ff02f5,166.188,166.18836730000476,166.06160049999016,20,QUERY_SPEC_ERROR
bbd3c0eeb26847e2b302a34ec4940694,T3_043,f1aba044cf3e46ca8cae02dd70ccf77d,48.583,48.74016480000137,48.56861139999819,3,CRASH
bbd3c0eeb26847e2b302a34ec4940694,T3_041,c88c1fbf6f8a44f7b48164c90ce7e6e8,120.753,120.78842160000204,120.71844010000495,7,CRASH
bbd3c0eeb26847e2b302a34ec4940694,T3_042,f29564ac479c4afc8bd45ed801100924,176.528,176.5285606999969,176.34601010001643,9,PIPELINE_SUCCESS
bbd3c0eeb26847e2b302a34ec4940694,T3_047,206a1a535e8a4e93b4ec917f8526d023,78.91,78.91076350000367,78.83419219999632,6,PIPELINE_SUCCESS
