ID,Question,Grade,Failure Stage,Errors,Compiles without comparative contract,First visible errors,Repair log truncated
MC-007,"Across time_horizon, how do cash-flow inflow and outflow compare using two related tables?",MISMATCH,,,,__spec_step_11 expression: field does not exist on the selected input: time_horizon_label_right,True
MC-015,"Across scenario, how do goal shortfall compare using two related tables?",MISMATCH,,,,,False
MC-017,"Across sector allocation, how do holding returns compare using two related tables?",MISMATCH,,,,Independent outputs require an explicit merge; only measures at the same grouping grain can be combined automatically. | projection: field does not exist on the selected input: return_vs_allocation_diff,False
MC-001,"Within investment goals, how do average progress_pct, average shortfall, and average volatility compare by investment_goal?",MATCH,,,,,False
MC-002,"Within portfolio health, how do average risk_score, liquidity_score, and diversification_score compare across goal_match_pct bands?",MISMATCH,,,,,False
MC-003,"Within holdings, how do total current value, average returns_pct, and total dividends compare by investment_type?",MATCH,,,,Query_Spec changed assigned source class InvestmentType to PortfolioHolding.,False
MC-004,"Within cash flows, how do transaction count, inflow, outflow, and net cash flow compare by type?",MISMATCH,,,,,False
MC-005,"Across risk_tolerance, how do goal progress and shortfall compare using two related tables?",MISMATCH,,,,,False
MC-006,"Across category, how do holding value and holding gain compare using two related tables?",MISMATCH,,,,,False
MC-008,"Across segment, how do health scores compare using two related tables?",PARTIAL,,,,,False
MC-009,"Across category, how do allocation concentration compare using two related tables?",MISMATCH,,,,,False
MC-010,"Across risk_tolerance, how do rebalancing action amount and gap compare using two related tables?",MISMATCH,,,,,False
MC-011,"Across time_horizon, how do scenario allocation change compare using two related tables?",MISMATCH,,,,,False
MC-012,"Across investment_goal, how do cash flow compare using two related tables?",PARTIAL,,,,,False
MC-013,"Across investment_type, how do health scores compare using two related tables?",MISMATCH,,,,,False
MC-014,"Across cash-flow type, how do rebalancing amount compare using two related tables?",PARTIAL,,,,final: aggregations must be a nonempty list. | Step input dataset does not exist: cashflow_inv_distinct | __spec_step_4 left join key: field does not exist on the selected input: investorId | __spec_step_5 left join key: field does not exist on the selected input: hasCashFlowType,True
MC-016,"Across rebalance logic, how do scenario change compare using two related tables?",MISMATCH,,,,,False
MC-018,"Across cash source, how do scenario change compare using two related tables?",PARTIAL,,,,,False
MC-019,"Across risk_tolerance, how do goal progress, health risk, and liquidity compare using three related tables?",PARTIAL,,,,"comparative_contract: declare the comparison dimension, population and metric calculations.",True
MC-020,"Across risk_tolerance, how do holding gain, health risk, and diversification compare using three related tables?",MATCH,,,,"comparative_contract: declare the comparison dimension, population and metric calculations.",True
MC-021,"Across risk_tolerance, how do cash-flow net amount, goal progress, and shortfall compare using three related tables?",SKIPPED_EXECUTION_FAILURE,Final_Spec,"comparative_contract: metric total_cash_amount aggregates before joining its required population ['investor_processed', 'cash_processed', 'goal_processed', 'risk_processed']. | comparative_contract: metric avg_progress_pct aggregates before joining its required population ['investor_processed', 'cash_processed', 'goal_processed', 'risk_processed']. | comparative_contract: metric avg_shortfall aggregates before joining its required population ['investor_processed', 'cash_processed', 'goal_processed', 'risk_processed'].",True,"comparative_contract: declare the comparison dimension, population and metric calculations.",True
MC-022,"Across risk_tolerance, how do allocation concentration, holding return, and holding value compare using three related tables?",SKIPPED_EXECUTION_FAILURE,Final_Spec,"comparative_contract: metric avg_allocation_pct must group at the declared comparison dimension. | comparative_contract: metric avg_allocation_pct aggregates before joining its required population ['rt_processed', 'inv_processed', 'alloc_processed', 'hold_processed']. | comparative_contract: metric avg_allocation_pct inner grain must be alloc_processed.['investorId']. | comparative_contract: metric avg_holding_return must group at the declared comparison dimension. | comparative_contract: metric avg_holding_return aggregates before joining its required population ['rt_processed', 'inv_processed', 'alloc_processed', 'hold_processed']. | comparative_contract: metric avg_holding_return inner grain must be hold_processed.['investorId']. | comparative_contract: metric sum_holding_value must group at the declared comparison dimension. | comparative_contract: metric sum_holding_value aggregates before joining its required population ['rt_processed', 'inv_processed', 'alloc_processed', 'hold_processed']. | comparative_contract: metric sum_holding_value inner grain must be hold_processed.['investorId'].",True,"comparative_contract: declare the comparison dimension, population and metric calculations.",True
MC-023,"Across risk_tolerance, how do rebalancing amount, cash flow, and transaction count compare using three related tables?",SKIPPED_EXECUTION_FAILURE,Final_Spec,comparative_contract: metric total_rebal_amount must end with its declared outer aggregate none. | comparative_contract: metric rebal_txn_count uses different source columns from its declaration. | comparative_contract: metric rebal_txn_count must end with its declared outer aggregate none. | comparative_contract: metric total_cash_flow must end with its declared outer aggregate none.,True,"comparative_contract: declare the comparison dimension, population and metric calculations.",True
MC-024,"Across risk_tolerance, how do scenario change, goal progress, and volatility compare using three related tables?",SKIPPED_EXECUTION_FAILURE,Final_Spec,"comparative_contract: metric scenario_count uses different source columns from its declaration. | comparative_contract: metric scenario_count must end with its declared outer aggregate none. | comparative_contract: metric mean_progressPct aggregates before joining its required population ['q2_processed', 'q1_processed', 'q3_processed', 'q4_processed']. | comparative_contract: metric mean_progressPct needs source_grain using actual fields on q4_processed. | comparative_contract: metric mean_volatilityPct aggregates before joining its required population ['q2_processed', 'q1_processed', 'q3_processed', 'q4_processed']. | comparative_contract: metric mean_volatilityPct needs source_grain using actual fields on q4_processed.",True,"comparative_contract: declare the comparison dimension, population and metric calculations.",True
MC-025,"Across risk_tolerance, how do scenario change, rebalancing gap, and rebalancing amount compare using three related tables?",SKIPPED_EXECUTION_FAILURE,Final_Spec,"comparative_contract: metric avg_scenario_change aggregates before joining its required population ['q1_processed', 'q2_processed', 'q3_processed', 'q4_processed']. | comparative_contract: metric avg_rebalancing_gap aggregates before joining its required population ['q1_processed', 'q2_processed', 'q3_processed', 'q4_processed']. | comparative_contract: metric avg_rebalancing_amount aggregates before joining its required population ['q1_processed', 'q2_processed', 'q3_processed', 'q4_processed'].",True,"comparative_contract: declare the comparison dimension, population and metric calculations.",True
MC-026,"Across risk_tolerance, how do cash-flow net amount, scenario change, and scenario count compare using three related tables?",SKIPPED_EXECUTION_FAILURE,Final_Spec,comparative_contract: required_population must name actual source tables. | comparative_contract: dimension must identify an actual source column. | comparative_contract: each metric needs output_column and an actual source table.,True,__spec_step_14 group_by: field does not exist on the selected input: risk_label,True
MC-027,"Across time_horizon, how do goal progress, health risk, and liquidity compare using three related tables?",PARTIAL,,,,"comparative_contract: declare the comparison dimension, population and metric calculations.",True
MC-028,"Across time_horizon, how do holding gain, health risk, and diversification compare using three related tables?",MATCH,,,,"comparative_contract: declare the comparison dimension, population and metric calculations.",True
MC-029,"Across time_horizon, how do cash-flow net amount, goal progress, and shortfall compare using three related tables?",SKIPPED_EXECUTION_FAILURE,Final_Spec,"comparative_contract: metric net_cash_flow must group at the declared comparison dimension. | comparative_contract: metric net_cash_flow aggregates before joining its required population ['q_cashflow_processed', 'q_goal_processed', 'q_investor_processed', 'q_timehorizon_processed']. | comparative_contract: metric avg_progress_pct must group at the declared comparison dimension. | comparative_contract: metric avg_progress_pct aggregates before joining its required population ['q_cashflow_processed', 'q_goal_processed', 'q_investor_processed', 'q_timehorizon_processed']. | comparative_contract: metric avg_shortfall must group at the declared comparison dimension. | comparative_contract: metric avg_shortfall aggregates before joining its required population ['q_cashflow_processed', 'q_goal_processed', 'q_investor_processed', 'q_timehorizon_processed'].",True,"comparative_contract: declare the comparison dimension, population and metric calculations.",True
MC-030,"Across time_horizon, how do allocation concentration, holding return, and holding value compare using three related tables?",PARTIAL,,,,"comparative_contract: declare the comparison dimension, population and metric calculations.",True
MC-031,"Across time_horizon, how do rebalancing amount, cash flow, and transaction count compare using three related tables?",SKIPPED_EXECUTION_FAILURE,Final_Spec,"comparative_contract: metric total_rebal_amount aggregates before joining its required population ['q1_processed', 'q2_processed', 'q3_processed']. | comparative_contract: metric rebal_txn_count uses different source columns from its declaration. | comparative_contract: metric rebal_txn_count aggregates before joining its required population ['q1_processed', 'q2_processed', 'q3_processed']. | comparative_contract: metric total_cash_amount aggregates before joining its required population ['q1_processed', 'q2_processed', 'q3_processed'].",True,"comparative_contract: declare the comparison dimension, population and metric calculations.",True
MC-032,"Across time_horizon, how do scenario change, goal progress, and volatility compare using three related tables?",PARTIAL,,,,comparative_contract: dimension time_horizon must retain provenance from th_processed.rdfs_label and be projected. | comparative_contract: metric scenario_change must end with its declared outer aggregate none. | comparative_contract: metric avg_progress_pct must end with its declared outer aggregate none. | comparative_contract: metric avg_volatility_pct must end with its declared outer aggregate none.,True
MC-033,"Across time_horizon, how do scenario change, rebalancing gap, and rebalancing amount compare using three related tables?",SKIPPED_EXECUTION_FAILURE,Final_Spec,comparative_contract: metric distinct_scenarios must end with its declared outer aggregate none. | comparative_contract: metric total_gap must end with its declared outer aggregate none. | comparative_contract: metric total_amount must end with its declared outer aggregate none.,True,Query_Spec changed assigned source class Investor to ScenarioRebalancing.,True
MC-034,"Across time_horizon, how do cash-flow net amount, scenario change, and scenario count compare using three related tables?",SKIPPED_EXECUTION_FAILURE,Final_Spec,comparative_contract: metric total_cash_flow must end with its declared outer aggregate none. | comparative_contract: metric avg_scenario_change must end with its declared outer aggregate none. | comparative_contract: metric scenario_count must end with its declared outer aggregate none.,True,"comparative_contract: declare the comparison dimension, population and metric calculations.",True
MC-035,"Across profile category, how do goal progress, health risk, and liquidity compare using three related tables?",SKIPPED_EXECUTION_FAILURE,Final_Spec,"comparative_contract: dimension category must retain provenance from q1_processed.rdfs_label and be projected. | comparative_contract: metric avg_progress_pct must group at the declared comparison dimension. | comparative_contract: metric avg_progress_pct aggregates before joining its required population ['q2_processed', 'q3_processed', 'q4_processed', 'q1_processed']. | comparative_contract: metric avg_risk_score must group at the declared comparison dimension. | comparative_contract: metric avg_risk_score aggregates before joining its required population ['q2_processed', 'q3_processed', 'q4_processed', 'q1_processed']. | comparative_contract: metric avg_liquidity_score must group at the declared comparison dimension. | comparative_contract: metric avg_liquidity_score aggregates before joining its required population ['q2_processed', 'q3_processed', 'q4_processed', 'q1_processed'].",True,__spec_step_1: unsupported operator: Copy,True
MC-036,"Across profile category, how do holding gain, health risk, and diversification compare using three related tables?",PARTIAL,,,,"comparative_contract: declare the comparison dimension, population and metric calculations.",True
MC-037,"Across profile category, how do cash-flow net amount, goal progress, and shortfall compare using three related tables?",SKIPPED_EXECUTION_FAILURE,Final_Spec,"comparative_contract: metric net_cash_flow_amount must group at the declared comparison dimension. | comparative_contract: metric net_cash_flow_amount aggregates before joining its required population ['q1_processed', 'q2_processed', 'q3_processed', 'q4_processed']. | comparative_contract: metric average_goal_progress must end with its declared outer aggregate none. | comparative_contract: metric average_shortfall must end with its declared outer aggregate none.",True,Query_Spec changed assigned source class Category to CashFlow.,True
MC-038,"Across profile category, how do allocation concentration, holding return, and holding value compare using three related tables?",SKIPPED_EXECUTION_FAILURE,Final_Spec,comparative_contract: dimension must identify an actual source column. | comparative_contract: each metric needs output_column and an actual source table.,True,"comparative_contract: declare the comparison dimension, population and metric calculations.",True
MC-039,"Across profile category, how do rebalancing amount, cash flow, and transaction count compare using three related tables?",MISMATCH,,,,Query_Spec changed assigned source class Investor to RebalancingAction.,True
MC-040,"Across profile category, how do scenario change, goal progress, and volatility compare using three related tables?",SKIPPED_EXECUTION_FAILURE,Final_Spec,comparative_contract: metric mean_scenario_change needs source_grain using actual fields on q_scenario_processed. | comparative_contract: metric mean_progress needs source_grain using actual fields on q_goal_processed. | comparative_contract: metric mean_volatility needs source_grain using actual fields on q_goal_processed. | comparative_contract: metric investor_count uses different source columns from its declaration. | comparative_contract: metric investor_count must end with its declared outer aggregate none.,True,Query_Spec changed assigned source class Investor to InvestmentGoal.,True
MC-041,"Across profile category, how do scenario change, rebalancing gap, and rebalancing amount compare using three related tables?",MISMATCH,,,,"comparative_contract: declare the comparison dimension, population and metric calculations.",True
MC-042,"Across profile category, how do cash-flow net amount, scenario change, and scenario count compare using three related tables?",SKIPPED_EXECUTION_FAILURE,Final_Spec,comparative_contract: metric scenario_count uses different source columns from its declaration.,True,comparative_contract: dimension must identify an actual source column. | comparative_contract: each metric needs output_column and an actual source table.,True
MC-043,"Across profile segment, how do goal progress, health risk, and liquidity compare using three related tables?",SKIPPED_EXECUTION_FAILURE,Final_Spec,comparative_contract: metric segment_goal_progress must end with its declared outer aggregate none. | comparative_contract: metric segment_health_risk must end with its declared outer aggregate none. | comparative_contract: metric segment_liquidity must end with its declared outer aggregate none.,True,"comparative_contract: declare the comparison dimension, population and metric calculations.",True
MC-044,"Across profile segment, how do holding gain, health risk, and diversification compare using three related tables?",SKIPPED_EXECUTION_FAILURE,Final_Spec,comparative_contract: metric total_gain must end with its declared outer aggregate none. | comparative_contract: metric avg_risk must end with its declared outer aggregate none. | comparative_contract: metric avg_div must end with its declared outer aggregate none.,True,"comparative_contract: declare the comparison dimension, population and metric calculations.",True
MC-045,"Across profile segment, how do cash-flow net amount, goal progress, and shortfall compare using three related tables?",PARTIAL,,,,Query_Spec changed assigned source class Segment to CashFlow.,True
MC-046,"Across profile segment, how do allocation concentration, holding return, and holding value compare using three related tables?",SKIPPED_EXECUTION_FAILURE,Final_Spec,"comparative_contract: metric mean_allocation_concentration aggregates before joining its required population ['q1_processed', 'q2_processed', 'q3_processed', 'q4_processed']. | comparative_contract: metric mean_holding_return aggregates before joining its required population ['q1_processed', 'q2_processed', 'q3_processed', 'q4_processed']. | comparative_contract: metric mean_holding_value aggregates before joining its required population ['q1_processed', 'q2_processed', 'q3_processed', 'q4_processed'].",True,"comparative_contract: declare the comparison dimension, population and metric calculations.",True
MC-047,"Across profile segment, how do rebalancing amount, cash flow, and transaction count compare using three related tables?",SKIPPED_EXECUTION_FAILURE,Final_Spec,"comparative_contract: metric total_rebal_amount aggregates before joining its required population ['q_investor_processed', 'q_rebalancing_processed', 'q_cashflow_processed', 'q_holding_processed']. | comparative_contract: metric total_cash_flow aggregates before joining its required population ['q_investor_processed', 'q_rebalancing_processed', 'q_cashflow_processed', 'q_holding_processed']. | comparative_contract: metric total_transaction_count aggregates before joining its required population ['q_investor_processed', 'q_rebalancing_processed', 'q_cashflow_processed', 'q_holding_processed'].",True,Query_Spec changed assigned source class Investor to RebalancingAction.,True
MC-048,"Across profile segment, how do scenario change, goal progress, and volatility compare using three related tables?",SKIPPED_EXECUTION_FAILURE,Final_Spec,comparative_contract: required_population must name actual source tables. | comparative_contract: dimension must identify an actual source column. | comparative_contract: each metric needs output_column and an actual source table.,True,"comparative_contract: declare the comparison dimension, population and metric calculations.",True
MC-049,"Across profile segment, how do scenario change, rebalancing gap, and rebalancing amount compare using three related tables?",PARTIAL,,,,"comparative_contract: declare the comparison dimension, population and metric calculations.",True
MC-050,"Across profile segment, how do cash-flow net amount, scenario change, and scenario count compare using three related tables?",SKIPPED_EXECUTION_FAILURE,Final_Spec,comparative_contract: metric net_cash_flow_amount must end with its declared outer aggregate none. | comparative_contract: metric scenario_change must end with its declared outer aggregate none. | comparative_contract: metric scenario_count needs actual source_columns on q_scenario_processed.,True,Query_Spec omits required join key: rdfs_label | Query_Spec changed assigned source class Segment to CashFlow.,True
MC-051,"Across risk_tolerance, how do goal progress, holding gain, risk score, and liquidity compare using four related tables?",SKIPPED_EXECUTION_FAILURE,Final_Spec,final: aggregations must be a nonempty list. | Step input dataset does not exist: investor_profile | __spec_step_7 left join key: field does not exist on the selected input: investorId | __spec_step_10 group_by: field does not exist on the selected input: riskTolerance | __spec_step_11 group_by: field does not exist on the selected input: riskTolerance | __spec_step_12 group_by: field does not exist on the selected input: riskTolerance | __spec_step_13 group_by: field does not exist on the selected input: riskTolerance,False,"comparative_contract: declare the comparison dimension, population and metric calculations.",True
MC-054,"Across risk_tolerance, how do rebalancing amount, cash flow, goal progress, and shortfall compare using four related tables?",SKIPPED_EXECUTION_FAILURE,Final_Spec,"comparative_contract: declare the comparison dimension, population and metric calculations.",True,"comparative_contract: declare the comparison dimension, population and metric calculations.",True
MC-055,"Across risk_tolerance, how do scenario change, rebalancing gap, health risk, and goal match compare using four related tables?",PARTIAL,,,,"comparative_contract: declare the comparison dimension, population and metric calculations.",True
MC-056,"Across risk_tolerance, how do cash flow, scenario change, allocation concentration, and sector investment compare using four related tables?",SKIPPED_EXECUTION_FAILURE,Final_Spec,"comparative_contract: metric avg_cash_flow must group at the declared comparison dimension. | comparative_contract: metric avg_cash_flow aggregates before joining its required population ['q_investor_processed', 'q_cash_processed', 'q_scenario_processed', 'q_sector_alloc_processed']. | comparative_contract: metric avg_cash_flow needs source_grain using actual fields on q_cash_processed. | comparative_contract: metric avg_scenario_change must group at the declared comparison dimension. | comparative_contract: metric avg_scenario_change aggregates before joining its required population ['q_investor_processed', 'q_cash_processed', 'q_scenario_processed', 'q_sector_alloc_processed']. | comparative_contract: metric avg_scenario_change needs source_grain using actual fields on q_scenario_processed. | comparative_contract: metric avg_allocation_concentration must group at the declared comparison dimension. | comparative_contract: metric avg_allocation_concentration aggregates before joining its required population ['q_investor_processed', 'q_cash_processed', 'q_scenario_processed', 'q_sector_alloc_processed']. | comparative_contract: metric avg_allocation_concentration inner grain must be q_sector_alloc_processed.['investorId']. | comparative_contract: metric avg_sector_allocation_pct must end with its declared outer aggregate none.",True,"comparative_contract: declare the comparison dimension, population and metric calculations.",True
MC-058,"Across risk_tolerance, how do goal shortfall, allocation concentration, health liquidity, and diversification compare using four related tables?",SKIPPED_EXECUTION_FAILURE,Final_Spec,"comparative_contract: metric avgShortfall aggregates before joining its required population ['q_investor_processed', 'q_risktol_processed', 'q_goal_processed', 'q_alloc_processed', 'q_health_processed']. | comparative_contract: metric avgAllocationConcentration aggregates before joining its required population ['q_investor_processed', 'q_risktol_processed', 'q_goal_processed', 'q_alloc_processed', 'q_health_processed']. | comparative_contract: metric avgLiquidityScore aggregates before joining its required population ['q_investor_processed', 'q_risktol_processed', 'q_goal_processed', 'q_alloc_processed', 'q_health_processed']. | comparative_contract: metric avgDiversificationScore aggregates before joining its required population ['q_investor_processed', 'q_risktol_processed', 'q_goal_processed', 'q_alloc_processed', 'q_health_processed'].",True,"comparative_contract: declare the comparison dimension, population and metric calculations.",True
MC-061,"Across time_horizon, how do goal progress, holding gain, risk score, and liquidity compare using four related tables?",SKIPPED_EXECUTION_FAILURE,Final_Spec,final: duplicate or invalid dataset name: __spec_step_3 | __spec_step_6: duplicate or invalid dataset name: __spec_step_4 | __spec_step_7: duplicate or invalid dataset name: __spec_step_5 | __spec_step_8: duplicate or invalid dataset name: __spec_step_6 | __spec_step_9: duplicate or invalid dataset name: __spec_step_7 | __spec_step_13 aggregate source: field does not exist on the selected input: avg_liquidity_score | final: duplicate or invalid dataset name: __spec_step_8 | Independent outputs require an explicit merge; only measures at the same grouping grain can be combined automatically.,False,__spec_step_4: Integrate requires at least two input datasets. | __spec_step_4: left_on/right_on requires exactly two datasets. | Independent outputs require an explicit merge; only measures at the same grouping grain can be combined automatically.,True
MC-064,"Across time_horizon, how do rebalancing amount, cash flow, goal progress, and shortfall compare using four related tables?",PARTIAL,,,,"comparative_contract: declare the comparison dimension, population and metric calculations.",True
MC-065,"Across time_horizon, how do scenario change, rebalancing gap, health risk, and goal match compare using four related tables?",PARTIAL,,,,"comparative_contract: declare the comparison dimension, population and metric calculations.",True
MC-066,"Across time_horizon, how do cash flow, scenario change, allocation concentration, and sector investment compare using four related tables?",MISMATCH,,,,"comparative_contract: declare the comparison dimension, population and metric calculations.",True
MC-068,"Across time_horizon, how do goal shortfall, allocation concentration, health liquidity, and diversification compare using four related tables?",SKIPPED_EXECUTION_FAILURE,Final_Spec,"comparative_contract: metric avg_shortfall aggregates before joining its required population ['ig_processed', 'sa_processed', 'ph_processed', 'inv_processed', 'th_processed']. | comparative_contract: metric avg_allocation_concentration aggregates before joining its required population ['ig_processed', 'sa_processed', 'ph_processed', 'inv_processed', 'th_processed']. | comparative_contract: metric avg_liquidity_score aggregates before joining its required population ['ig_processed', 'sa_processed', 'ph_processed', 'inv_processed', 'th_processed']. | comparative_contract: metric avg_diversification_score aggregates before joining its required population ['ig_processed', 'sa_processed', 'ph_processed', 'inv_processed', 'th_processed'].",True,"comparative_contract: declare the comparison dimension, population and metric calculations.",True
MC-071,"Across profile category, how do goal progress, holding gain, risk score, and liquidity compare using four related tables?",SKIPPED_EXECUTION_FAILURE,Final_Spec,"comparative_contract: metric avg_goal_progress aggregates before joining its required population ['q2_processed', 'q3_processed', 'q4_processed', 'q5_processed', 'q1_processed']. | comparative_contract: metric avg_holding_gain aggregates before joining its required population ['q2_processed', 'q3_processed', 'q4_processed', 'q5_processed', 'q1_processed']. | comparative_contract: metric avg_risk_score aggregates before joining its required population ['q2_processed', 'q3_processed', 'q4_processed', 'q5_processed', 'q1_processed']. | comparative_contract: metric avg_liquidity_score aggregates before joining its required population ['q2_processed', 'q3_processed', 'q4_processed', 'q5_processed', 'q1_processed'].",True,"comparative_contract: declare the comparison dimension, population and metric calculations.",True
MC-074,"Across profile category, how do rebalancing amount, cash flow, goal progress, and shortfall compare using four related tables?",SKIPPED_EXECUTION_FAILURE,Final_Spec,"comparative_contract: metric total_rebal_amount aggregates before joining its required population ['q1_processed', 'q2_processed', 'q3_processed', 'q4_processed']. | comparative_contract: metric total_cash_flow aggregates before joining its required population ['q1_processed', 'q2_processed', 'q3_processed', 'q4_processed']. | comparative_contract: metric avg_goal_progress aggregates before joining its required population ['q1_processed', 'q2_processed', 'q3_processed', 'q4_processed']. | comparative_contract: metric avg_shortfall aggregates before joining its required population ['q1_processed', 'q2_processed', 'q3_processed', 'q4_processed'].",True,"comparative_contract: declare the comparison dimension, population and metric calculations.",True
MC-075,"Across profile category, how do scenario change, rebalancing gap, health risk, and goal match compare using four related tables?",PARTIAL,,,,"comparative_contract: declare the comparison dimension, population and metric calculations.",True
MC-076,"Across profile category, how do cash flow, scenario change, allocation concentration, and sector investment compare using four related tables?",SKIPPED_EXECUTION_FAILURE,Final_Spec,"comparative_contract: metric total_cash_flow aggregates before joining its required population ['q_investor_processed', 'q_cashflow_processed', 'q_scenario_processed', 'q_sectoralloc_processed', 'q_category_processed']. | comparative_contract: metric total_scenarios uses different source columns from its declaration. | comparative_contract: metric total_scenarios aggregates before joining its required population ['q_investor_processed', 'q_cashflow_processed', 'q_scenario_processed', 'q_sectoralloc_processed', 'q_category_processed']. | comparative_contract: metric avg_scenario_change aggregates before joining its required population ['q_investor_processed', 'q_cashflow_processed', 'q_scenario_processed', 'q_sectoralloc_processed', 'q_category_processed']. | comparative_contract: metric avg_allocation_concentration aggregates before joining its required population ['q_investor_processed', 'q_cashflow_processed', 'q_scenario_processed', 'q_sectoralloc_processed', 'q_category_processed']. | comparative_contract: metric total_sector_investment aggregates before joining its required population ['q_investor_processed', 'q_cashflow_processed', 'q_scenario_processed', 'q_sectoralloc_processed', 'q_category_processed']. | comparative_contract: metric investor_count uses different source columns from its declaration. | comparative_contract: metric investor_count aggregates before joining its required population ['q_investor_processed', 'q_cashflow_processed', 'q_scenario_processed', 'q_sectoralloc_processed', 'q_category_processed']. | comparative_contract: metric investor_count needs count_distinct per source entity before count_distinct; a sibling summary cannot satisfy this.",True,Query_Spec changed assigned source class Category to CashFlow.,True
MC-078,"Across profile category, how do goal shortfall, allocation concentration, health liquidity, and diversification compare using four related tables?",SKIPPED_EXECUTION_FAILURE,Final_Spec,"comparative_contract: metric avg_shortfall aggregates before joining its required population ['q1_processed', 'q2_processed', 'q3_processed', 'q4_processed', 'q5_processed']. | comparative_contract: metric avg_alloc_conc aggregates before joining its required population ['q1_processed', 'q2_processed', 'q3_processed', 'q4_processed', 'q5_processed']. | comparative_contract: metric avg_liquidity aggregates before joining its required population ['q1_processed', 'q2_processed', 'q3_processed', 'q4_processed', 'q5_processed']. | comparative_contract: metric avg_diversification aggregates before joining its required population ['q1_processed', 'q2_processed', 'q3_processed', 'q4_processed', 'q5_processed'].",True,comparative_contract: required_population must name actual source tables. | comparative_contract: dimension must identify an actual source column. | comparative_contract: each metric needs output_column and an actual source table.,True
MC-083,"Across risk_tolerance, how do goal shortfall, holding value, allocation concentration, liquidity, and diversification compare using five related tables?",PARTIAL,,,,"comparative_contract: declare the comparison dimension, population and metric calculations.",True
MC-084,"Across risk_tolerance, how do cash flow, rebalancing amount, scenario change, risk score, and goal match compare using five related tables?",SKIPPED_EXECUTION_FAILURE,Final_Spec,"comparative_contract: metric total_cash_flow aggregates before joining its required population ['q_investor_processed', 'q_cash_processed', 'q_rebal_processed', 'q_scenario_processed', 'q_portfolio_processed']. | comparative_contract: metric total_rebal_amount aggregates before joining its required population ['q_investor_processed', 'q_cash_processed', 'q_rebal_processed', 'q_scenario_processed', 'q_portfolio_processed']. | comparative_contract: metric distinct_scenario_count aggregates before joining its required population ['q_investor_processed', 'q_cash_processed', 'q_rebal_processed', 'q_scenario_processed', 'q_portfolio_processed']. | comparative_contract: metric avg_risk_score aggregates before joining its required population ['q_investor_processed', 'q_cash_processed', 'q_rebal_processed', 'q_scenario_processed', 'q_portfolio_processed']. | comparative_contract: metric avg_goal_match_pct aggregates before joining its required population ['q_investor_processed', 'q_cash_processed', 'q_rebal_processed', 'q_scenario_processed', 'q_portfolio_processed'].",True,"comparative_contract: declare the comparison dimension, population and metric calculations.",True
MC-086,"Across risk_tolerance, how do cash-flow inflow, outflow, goal shortfall, holding dividends, and taxes paid compare using five related tables?",SKIPPED_EXECUTION_FAILURE,Final_Spec,"comparative_contract: metric total_inflow aggregates before joining its required population ['q1_processed', 'q2_processed', 'q3_processed', 'q4_processed']. | comparative_contract: metric total_outflow aggregates before joining its required population ['q1_processed', 'q2_processed', 'q3_processed', 'q4_processed']. | comparative_contract: metric total_shortfall aggregates before joining its required population ['q1_processed', 'q2_processed', 'q3_processed', 'q4_processed']. | comparative_contract: metric total_dividends aggregates before joining its required population ['q1_processed', 'q2_processed', 'q3_processed', 'q4_processed']. | comparative_contract: metric total_taxesPaid aggregates before joining its required population ['q1_processed', 'q2_processed', 'q3_processed', 'q4_processed'].",True,"comparative_contract: declare the comparison dimension, population and metric calculations.",True
MC-090,"Across time_horizon, how do goal shortfall, holding value, allocation concentration, liquidity, and diversification compare using five related tables?",PARTIAL,,,,"comparative_contract: declare the comparison dimension, population and metric calculations.",True
MC-091,"Across time_horizon, how do cash flow, rebalancing amount, scenario change, risk score, and goal match compare using five related tables?",SKIPPED_EXECUTION_FAILURE,Final_Spec,"comparative_contract: metric total_cashflow aggregates before joining its required population ['q_investor_processed', 'q_time_horizon_processed', 'q_cashflow_processed', 'q_rebalancing_processed', 'q_scenario_processed', 'q_portfolio_health_processed']. | comparative_contract: metric total_rebalancing aggregates before joining its required population ['q_investor_processed', 'q_time_horizon_processed', 'q_cashflow_processed', 'q_rebalancing_processed', 'q_scenario_processed', 'q_portfolio_health_processed']. | comparative_contract: metric distinct_scenarios must end with its declared outer aggregate none. | comparative_contract: metric avg_riskScore aggregates before joining its required population ['q_investor_processed', 'q_time_horizon_processed', 'q_cashflow_processed', 'q_rebalancing_processed', 'q_scenario_processed', 'q_portfolio_health_processed']. | comparative_contract: metric avg_goalMatchPct aggregates before joining its required population ['q_investor_processed', 'q_time_horizon_processed', 'q_cashflow_processed', 'q_rebalancing_processed', 'q_scenario_processed', 'q_portfolio_health_processed'].",True,"comparative_contract: declare the comparison dimension, population and metric calculations.",True
MC-093,"Across time_horizon, how do cash-flow inflow, outflow, goal shortfall, holding dividends, and taxes paid compare using five related tables?",SKIPPED_EXECUTION_FAILURE,Final_Spec,__spec_step_9 expression: field does not exist on the selected input: rdfs_label_right | __spec_step_13 expression: field does not exist on the selected input: rdfs_label_right,False,__spec_step_4 expression: field does not exist on the selected input: rdfs_label_right_2 | __spec_step_5 group_by: field does not exist on the selected input: time_horizon | __spec_step_6 group_by: field does not exist on the selected input: time_horizon | __spec_step_9 expression: field does not exist on the selected input: rdfs_label_right | __spec_step_10 group_by: field does not exist on the selected input: time_horizon | __spec_step_13 expression: field does not exist on the selected input: rdfs_label_right | __spec_step_14 group_by: field does not exist on the selected input: time_horizon | __spec_step_15 group_by: field does not exist on the selected input: time_horizon | Independent outputs require an explicit merge; only measures at the same grouping grain can be combined automatically.,True
MC-097,"Across profile category, how do goal shortfall, holding value, allocation concentration, liquidity, and diversification compare using five related tables?",SKIPPED_EXECUTION_FAILURE,Final_Spec,"comparative_contract: metric total_shortfall aggregates before joining its required population ['q2_processed', 'q3_processed', 'q4_processed', 'q5_processed', 'q6_processed']. | comparative_contract: metric total_holding_value aggregates before joining its required population ['q2_processed', 'q3_processed', 'q4_processed', 'q5_processed', 'q6_processed']. | comparative_contract: metric avg_allocation_pct aggregates before joining its required population ['q2_processed', 'q3_processed', 'q4_processed', 'q5_processed', 'q6_processed']. | comparative_contract: metric avg_liquidity aggregates before joining its required population ['q2_processed', 'q3_processed', 'q4_processed', 'q5_processed', 'q6_processed']. | comparative_contract: metric avg_diversification aggregates before joining its required population ['q2_processed', 'q3_processed', 'q4_processed', 'q5_processed', 'q6_processed'].",True,"comparative_contract: declare the comparison dimension, population and metric calculations.",True
MC-098,"Across profile category, how do cash flow, rebalancing amount, scenario change, risk score, and goal match compare using five related tables?",SKIPPED_EXECUTION_FAILURE,Decompose,,,,False
MC-100,"Across profile category, how do cash-flow inflow, outflow, goal shortfall, holding dividends, and taxes paid compare using five related tables?",SKIPPED_EXECUTION_FAILURE,Final_Spec,"comparative_contract: metric total_inflow aggregates before joining its required population ['q_investor_processed', 'q_cashflow_processed', 'q_investmentgoal_processed', 'q_holding_processed', 'q_category_processed']. | comparative_contract: metric total_inflow needs source_grain using actual fields on q_cashflow_processed. | comparative_contract: metric total_outflow aggregates before joining its required population ['q_investor_processed', 'q_cashflow_processed', 'q_investmentgoal_processed', 'q_holding_processed', 'q_category_processed']. | comparative_contract: metric total_outflow needs source_grain using actual fields on q_cashflow_processed. | comparative_contract: metric total_shortfall aggregates before joining its required population ['q_investor_processed', 'q_cashflow_processed', 'q_investmentgoal_processed', 'q_holding_processed', 'q_category_processed']. | comparative_contract: metric total_shortfall needs source_grain using actual fields on q_investmentgoal_processed. | comparative_contract: metric total_dividends aggregates before joining its required population ['q_investor_processed', 'q_cashflow_processed', 'q_investmentgoal_processed', 'q_holding_processed', 'q_category_processed']. | comparative_contract: metric total_dividends needs source_grain using actual fields on q_holding_processed. | comparative_contract: metric total_taxes aggregates before joining its required population ['q_investor_processed', 'q_cashflow_processed', 'q_investmentgoal_processed', 'q_holding_processed', 'q_category_processed']. | comparative_contract: metric total_taxes needs source_grain using actual fields on q_holding_processed.",True,Query_Spec changed assigned source class Investor to CashFlow.,True
MC-104,Which ten investors have the highest five-table risk-pressure score where score = risk score + allocation concentration + goal volatility - liquidity + scenario change?,MISMATCH,,,,,False
MC-105,"Which investors are comparative outliers with net cash flow above 100000000, average goal progress below 25, risk_score above 70, and scenario change above 20?",MATCH,,,,Query_Spec changed assigned source class InvestmentGoal to CashFlow.,False
