"global_question_id","source_csv","question_id","question","category","difficulty","query_type","tables_used","number_of_tables_used","sql_query","ground_truth_answer"
"wealth_management_multi_step_comparative_105_questions:MC-066","wealth_management_multi_step_comparative_105_questions.csv","MC-066","Across time_horizon, how do cash flow, scenario change, allocation concentration, and sector investment compare using four related tables?","Four-table multi-step comparative","Advanced","Multi-step Comparative","ATOM_ENTITY_INVESTOR_PROFILE_001;ATOM_EVENT_CASH_FLOW_001;ATOM_EVENT_SCENARIO_REBALANCING_001;ATOM_ENTITY_SECTOR_ALLOCATION_001","4","WITH 
    cash AS (
      SELECT investor_id,
             COUNT(*) AS transaction_count,
             SUM(amount) AS net_cash_flow,
             SUM(CASE WHEN amount > 0 THEN amount ELSE 0 END) AS inflow_amount,
             -SUM(CASE WHEN amount < 0 THEN amount ELSE 0 END) AS outflow_amount,
             SUM(CASE WHEN date >= '2025-01-01' AND date < '2026-01-01' THEN amount ELSE 0 END) AS net_cash_flow_2025
      FROM ATOM_EVENT_CASH_FLOW_001
      GROUP BY investor_id
    )
    , 
    scen AS (
      SELECT investor_id,
             COUNT(*) AS scenario_count,
             AVG(new_allocation_pct-current_allocation_pct) AS avg_scenario_change,
             MAX(new_allocation_pct-current_allocation_pct) AS max_scenario_change
      FROM ATOM_EVENT_SCENARIO_REBALANCING_001
      GROUP BY investor_id
    )
    , 
    alloc AS (
      SELECT investor_id,
             COUNT(*) AS allocation_count,
             MAX(allocation_pct) AS max_allocation_pct,
             AVG(allocation_pct) AS avg_allocation_pct,
             SUM(total_investment) AS total_sector_investment
      FROM ATOM_ENTITY_SECTOR_ALLOCATION_001
      GROUP BY investor_id
    )
     SELECT p.time_horizon AS group_value, ROUND(AVG(cash.net_cash_flow),2) AS avg_net_cash_flow, ROUND(AVG(scen.avg_scenario_change),2) AS avg_scenario_change, ROUND(AVG(alloc.max_allocation_pct),2) AS avg_max_allocation_pct, ROUND(AVG(alloc.total_sector_investment),2) AS avg_sector_investment FROM ATOM_ENTITY_INVESTOR_PROFILE_001 p JOIN cash ON cash.investor_id=p.investor_id JOIN scen ON scen.investor_id=p.investor_id JOIN alloc ON alloc.investor_id=p.investor_id GROUP BY p.time_horizon;","[{""group_value"":null,""avg_net_cash_flow"":6285.33,""avg_scenario_change"":0.63,""avg_max_allocation_pct"":17.64,""avg_sector_investment"":893611.59},{""group_value"":""Long-term"",""avg_net_cash_flow"":-313426.35,""avg_scenario_change"":-1.25,""avg_max_allocation_pct"":17.11,""avg_sector_investment"":865360.03},{""group_value"":""Medium-term"",""avg_net_cash_flow"":1614023.15,""avg_scenario_change"":-0.81,""avg_max_allocation_pct"":17.43,""avg_sector_investment"":963853.7},{""group_value"":""Short-term"",""avg_net_cash_flow"":1000147.1,""avg_scenario_change"":-2.29,""avg_max_allocation_pct"":15.89,""avg_sector_investment"":862124.85}]"
"wealth_management_multi_step_comparative_105_questions:MC-076","wealth_management_multi_step_comparative_105_questions.csv","MC-076","Across profile category, how do cash flow, scenario change, allocation concentration, and sector investment compare using four related tables?","Four-table multi-step comparative","Advanced","Multi-step Comparative","ATOM_ENTITY_INVESTOR_PROFILE_001;ATOM_EVENT_CASH_FLOW_001;ATOM_EVENT_SCENARIO_REBALANCING_001;ATOM_ENTITY_SECTOR_ALLOCATION_001","4","WITH 
    cash AS (
      SELECT investor_id,
             COUNT(*) AS transaction_count,
             SUM(amount) AS net_cash_flow,
             SUM(CASE WHEN amount > 0 THEN amount ELSE 0 END) AS inflow_amount,
             -SUM(CASE WHEN amount < 0 THEN amount ELSE 0 END) AS outflow_amount,
             SUM(CASE WHEN date >= '2025-01-01' AND date < '2026-01-01' THEN amount ELSE 0 END) AS net_cash_flow_2025
      FROM ATOM_EVENT_CASH_FLOW_001
      GROUP BY investor_id
    )
    , 
    scen AS (
      SELECT investor_id,
             COUNT(*) AS scenario_count,
             AVG(new_allocation_pct-current_allocation_pct) AS avg_scenario_change,
             MAX(new_allocation_pct-current_allocation_pct) AS max_scenario_change
      FROM ATOM_EVENT_SCENARIO_REBALANCING_001
      GROUP BY investor_id
    )
    , 
    alloc AS (
      SELECT investor_id,
             COUNT(*) AS allocation_count,
             MAX(allocation_pct) AS max_allocation_pct,
             AVG(allocation_pct) AS avg_allocation_pct,
             SUM(total_investment) AS total_sector_investment
      FROM ATOM_ENTITY_SECTOR_ALLOCATION_001
      GROUP BY investor_id
    )
     SELECT p.category AS group_value, ROUND(AVG(cash.net_cash_flow),2) AS avg_net_cash_flow, ROUND(AVG(scen.avg_scenario_change),2) AS avg_scenario_change, ROUND(AVG(alloc.max_allocation_pct),2) AS avg_max_allocation_pct, ROUND(AVG(alloc.total_sector_investment),2) AS avg_sector_investment FROM ATOM_ENTITY_INVESTOR_PROFILE_001 p JOIN cash ON cash.investor_id=p.investor_id JOIN scen ON scen.investor_id=p.investor_id JOIN alloc ON alloc.investor_id=p.investor_id GROUP BY p.category;","[{""group_value"":null,""avg_net_cash_flow"":2181672.83,""avg_scenario_change"":-8.03,""avg_max_allocation_pct"":14.56,""avg_sector_investment"":803033.89},{""group_value"":""Debt"",""avg_net_cash_flow"":1169529.06,""avg_scenario_change"":-6.24,""avg_max_allocation_pct"":16.28,""avg_sector_investment"":917501.86},{""group_value"":""Equity"",""avg_net_cash_flow"":530338.73,""avg_scenario_change"":-2.15,""avg_max_allocation_pct"":17.14,""avg_sector_investment"":856162.5},{""group_value"":""Gold"",""avg_net_cash_flow"":552992.73,""avg_scenario_change"":0.74,""avg_max_allocation_pct"":16.55,""avg_sector_investment"":938805.09},{""group_value"":""Hybrid"",""avg_net_cash_flow"":1585541.01,""avg_scenario_change"":4.15,""avg_max_allocation_pct"":17.39,""avg_sector_investment"":874711.48},{""group_value"":""Real Estate"",""avg_net_cash_flow"":-506244.45,""avg_scenario_change"":-1.78,""avg_max_allocation_pct"":17.49,""avg_sector_investment"":920698.89}]"
"wealth_management_enrichment_context_65_questions:EC-4T-014","wealth_management_enrichment_context_65_questions.csv","EC-4T-014","How do total Deposit amount and total rebalancing amount compare across risk-tolerance groups?","Risk tolerance and time horizon context","Advanced","Comparative","ATOM_ENTITY_INVESTOR_PROFILE_001; ATOM_EVENT_CASH_FLOW_001; ATOM_EVENT_REBALANCING_ACTION_001; ATOM_ENTITY_PORTFOLIO_HEALTH_001","4","WITH deposits AS (
                SELECT investor_id, SUM(amount) AS deposit_amount
                FROM ATOM_EVENT_CASH_FLOW_001
                WHERE type = 'Deposit'
                GROUP BY investor_id
            ),
            rebalancing AS (
                SELECT investor_id, SUM(amount) AS rebalancing_amount
                FROM ATOM_EVENT_REBALANCING_ACTION_001
                GROUP BY investor_id
            )
            SELECT p.risk_tolerance,
                   ROUND(SUM(d.deposit_amount), 2) AS deposit_amount,
                   ROUND(SUM(r.rebalancing_amount), 2) AS rebalancing_amount
            FROM ATOM_ENTITY_INVESTOR_PROFILE_001 p
            JOIN deposits d ON d.investor_id = p.investor_id
            JOIN rebalancing r ON r.investor_id = p.investor_id
            JOIN ATOM_ENTITY_PORTFOLIO_HEALTH_001 h ON h.investor_id = p.investor_id
            GROUP BY p.risk_tolerance;","[{""risk_tolerance"":""Conservative"",""deposit_amount"":100666936.0,""rebalancing_amount"":84163017.0},{""risk_tolerance"":null,""deposit_amount"":123441.0,""rebalancing_amount"":13154124.0},{""risk_tolerance"":""Aggressive"",""deposit_amount"":539265.0,""rebalancing_amount"":73988233.0},{""risk_tolerance"":""Moderate"",""deposit_amount"":659026.0,""rebalancing_amount"":75809049.0}]"
"wealth_management_multi_step_comparative_105_questions:MC-057","wealth_management_multi_step_comparative_105_questions.csv","MC-057","Across risk_tolerance, how do holding gain, rebalancing amount, scenario change, and cash flow compare using four related tables?","Four-table multi-step comparative","Advanced","Multi-step Comparative","ATOM_ENTITY_INVESTOR_PROFILE_001;ATOM_ENTITY_PORTFOLIO_HOLDING_001;ATOM_EVENT_REBALANCING_ACTION_001;ATOM_EVENT_SCENARIO_REBALANCING_001","4","WITH 
    holding AS (
      SELECT investor_id,
             COUNT(*) AS holding_count,
             SUM(current_value) AS total_holding_value,
             SUM(current_value-cost) AS total_holding_gain,
             AVG(returns_pct) AS avg_returns_pct,
             SUM(dividends) AS total_dividends,
             SUM(taxes_paid) AS total_taxes_paid
      FROM ATOM_ENTITY_PORTFOLIO_HOLDING_001
      GROUP BY investor_id
    )
    , 
    reb AS (
      SELECT investor_id,
             COUNT(*) AS rebalance_action_count,
             SUM(amount) AS total_rebalance_amount,
             AVG(target_allocation_pct-current_allocation_pct) AS avg_rebalance_gap
      FROM ATOM_EVENT_REBALANCING_ACTION_001
      GROUP BY investor_id
    )
    , 
    scen AS (
      SELECT investor_id,
             COUNT(*) AS scenario_count,
             AVG(new_allocation_pct-current_allocation_pct) AS avg_scenario_change,
             MAX(new_allocation_pct-current_allocation_pct) AS max_scenario_change
      FROM ATOM_EVENT_SCENARIO_REBALANCING_001
      GROUP BY investor_id
    )
     SELECT p.risk_tolerance AS group_value, ROUND(AVG(holding.total_holding_gain),2) AS avg_holding_gain, ROUND(AVG(reb.total_rebalance_amount),2) AS avg_rebalance_amount, ROUND(AVG(scen.avg_scenario_change),2) AS avg_scenario_change FROM ATOM_ENTITY_INVESTOR_PROFILE_001 p JOIN holding ON holding.investor_id=p.investor_id JOIN reb ON reb.investor_id=p.investor_id JOIN scen ON scen.investor_id=p.investor_id GROUP BY p.risk_tolerance;","[{""group_value"":null,""avg_holding_gain"":7503728.42,""avg_rebalance_amount"":399232.81,""avg_scenario_change"":-1.66},{""group_value"":""Aggressive"",""avg_holding_gain"":3815414.11,""avg_rebalance_amount"":406728.34,""avg_scenario_change"":-1.91},{""group_value"":""Conservative"",""avg_holding_gain"":2849503.63,""avg_rebalance_amount"":406759.18,""avg_scenario_change"":-2.49},{""group_value"":""Moderate"",""avg_holding_gain"":4136970.94,""avg_rebalance_amount"":406075.91,""avg_scenario_change"":-0.47}]"
"wealth_management_multi_step_comparative_105_questions:MC-094","wealth_management_multi_step_comparative_105_questions.csv","MC-094","Across time_horizon, how do goal count, holding count, transaction count, rebalance count, and scenario count compare using five related tables?","Five-table multi-step comparative","Expert","Multi-step Comparative","ATOM_ENTITY_INVESTOR_PROFILE_001;ATOM_ENTITY_INVESTMENT_GOAL_001;ATOM_ENTITY_PORTFOLIO_HOLDING_001;ATOM_EVENT_CASH_FLOW_001;ATOM_EVENT_REBALANCING_ACTION_001","5","WITH goal AS (SELECT investor_id, COUNT(*) AS goal_count FROM ATOM_ENTITY_INVESTMENT_GOAL_001 GROUP BY investor_id), 
    holding AS (
      SELECT investor_id,
             COUNT(*) AS holding_count,
             SUM(current_value) AS total_holding_value,
             SUM(current_value-cost) AS total_holding_gain,
             AVG(returns_pct) AS avg_returns_pct,
             SUM(dividends) AS total_dividends,
             SUM(taxes_paid) AS total_taxes_paid
      FROM ATOM_ENTITY_PORTFOLIO_HOLDING_001
      GROUP BY investor_id
    )
    , 
    cash AS (
      SELECT investor_id,
             COUNT(*) AS transaction_count,
             SUM(amount) AS net_cash_flow,
             SUM(CASE WHEN amount > 0 THEN amount ELSE 0 END) AS inflow_amount,
             -SUM(CASE WHEN amount < 0 THEN amount ELSE 0 END) AS outflow_amount,
             SUM(CASE WHEN date >= '2025-01-01' AND date < '2026-01-01' THEN amount ELSE 0 END) AS net_cash_flow_2025
      FROM ATOM_EVENT_CASH_FLOW_001
      GROUP BY investor_id
    )
    , 
    reb AS (
      SELECT investor_id,
             COUNT(*) AS rebalance_action_count,
             SUM(amount) AS total_rebalance_amount,
             AVG(target_allocation_pct-current_allocation_pct) AS avg_rebalance_gap
      FROM ATOM_EVENT_REBALANCING_ACTION_001
      GROUP BY investor_id
    )
     SELECT p.time_horizon AS group_value, ROUND(AVG(goal.goal_count),2) AS avg_goal_count, ROUND(AVG(holding.holding_count),2) AS avg_holding_count, ROUND(AVG(cash.transaction_count),2) AS avg_transaction_count, ROUND(AVG(reb.rebalance_action_count),2) AS avg_rebalance_count FROM ATOM_ENTITY_INVESTOR_PROFILE_001 p JOIN goal ON goal.investor_id=p.investor_id JOIN holding ON holding.investor_id=p.investor_id JOIN cash ON cash.investor_id=p.investor_id JOIN reb ON reb.investor_id=p.investor_id GROUP BY p.time_horizon;","[{""group_value"":null,""avg_goal_count"":3.21,""avg_holding_count"":9.96,""avg_transaction_count"":5.03,""avg_rebalance_count"":4.87},{""group_value"":""Long-term"",""avg_goal_count"":3.1,""avg_holding_count"":9.68,""avg_transaction_count"":5.06,""avg_rebalance_count"":4.51},{""group_value"":""Medium-term"",""avg_goal_count"":3.16,""avg_holding_count"":9.56,""avg_transaction_count"":5.05,""avg_rebalance_count"":4.33},{""group_value"":""Short-term"",""avg_goal_count"":3.14,""avg_holding_count"":9.87,""avg_transaction_count"":5.05,""avg_rebalance_count"":4.67}]"
"wealth_management_enrichment_context_65_questions:EC-3T-018","wealth_management_enrichment_context_65_questions.csv","EC-3T-018","How do Deposit and Withdrawal totals compare across profile segments?","Investor context enrichment","Hard","Comparative","ATOM_ENTITY_INVESTOR_PROFILE_001; ATOM_EVENT_CASH_FLOW_001; ATOM_ENTITY_PORTFOLIO_HEALTH_001","3","SELECT p.segment,
                   ROUND(SUM(CASE WHEN c.type = 'Deposit' THEN c.amount ELSE 0 END), 2) AS deposit_amount,
                   ROUND(-SUM(CASE WHEN c.type = 'Withdrawal' THEN c.amount ELSE 0 END), 2) AS withdrawal_amount
            FROM ATOM_ENTITY_INVESTOR_PROFILE_001 p
            JOIN ATOM_EVENT_CASH_FLOW_001 c ON c.investor_id = p.investor_id
            JOIN ATOM_ENTITY_PORTFOLIO_HEALTH_001 h ON h.investor_id = p.investor_id
            GROUP BY p.segment;","[{""segment"":""Small Cap"",""deposit_amount"":100535972.0,""withdrawal_amount"":544744.0},{""segment"":null,""deposit_amount"":125130.0,""withdrawal_amount"":100099498.0},{""segment"":""Diversified"",""deposit_amount"":488050.0,""withdrawal_amount"":100507341.0},{""segment"":""Mid Cap"",""deposit_amount"":530203.0,""withdrawal_amount"":545454.0},{""segment"":""Large Cap"",""deposit_amount"":583364.0,""withdrawal_amount"":200531363.0}]"
"wealth_management_temporal_transaction_65_questions:TT-029","wealth_management_temporal_transaction_65_questions.csv","TT-029","Which ten investors have the highest net cash flow and average goal progress below 50?","Goal and cash-flow relationship","Hard","Ranking","ATOM_ENTITY_INVESTOR_PROFILE_001;ATOM_EVENT_CASH_FLOW_001;ATOM_ENTITY_INVESTMENT_GOAL_001","3","SELECT p.investor_id, p.investor_name, ROUND(SUM(c.amount),2) AS net_cash_flow, ROUND(AVG(g.progress_pct),2) AS avg_progress_pct FROM ATOM_ENTITY_INVESTOR_PROFILE_001 p JOIN ATOM_EVENT_CASH_FLOW_001 c ON c.investor_id=p.investor_id JOIN ATOM_ENTITY_INVESTMENT_GOAL_001 g ON g.investor_id=p.investor_id GROUP BY p.investor_id, p.investor_name HAVING AVG(g.progress_pct)<50 ORDER BY net_cash_flow DESC LIMIT 10;","[{""investor_id"":""INV-082"",""investor_name"":""Amit Chauhan"",""net_cash_flow"":400060568.0,""avg_progress_pct"":47.44},{""investor_id"":""INV-1122"",""investor_name"":""Deepak Sharma"",""net_cash_flow"":400025252.0,""avg_progress_pct"":29.9},{""investor_id"":""INV-1362"",""investor_name"":""Rahul Bhat"",""net_cash_flow"":400021140.0,""avg_progress_pct"":24.64},{""investor_id"":""INV-1202"",""investor_name"":""Sunita Sharma"",""net_cash_flow"":400016736.0,""avg_progress_pct"":41.69},{""investor_id"":""INV-962"",""investor_name"":""Amit Mishra"",""net_cash_flow"":399997944.0,""avg_progress_pct"":34.37},{""investor_id"":""INV-042"",""investor_name"":""Suresh Bhat"",""net_cash_flow"":399997020.0,""avg_progress_pct"":41.67},{""investor_id"":""INV-842"",""investor_name"":""Akshay Iyer"",""net_cash_flow"":399977932.0,""avg_progress_pct"":33.55},{""investor_id"":""INV-1282"",""investor_name"":""Akshay Pandey"",""net_cash_flow"":399974392.0,""avg_progress_pct"":18.34},{""investor_id"":""INV-202"",""investor_name"":""Chetan Patel"",""net_cash_flow"":300053883.0,""avg_progress_pct"":33.33},{""investor_id"":""INV-482"",""investor_name"":""Deepak Mishra"",""net_cash_flow"":300047883.0,""avg_progress_pct"":40.05}]"
"wealth_management_temporal_transaction_65_questions:TT-055","wealth_management_temporal_transaction_65_questions.csv","TT-055","For each cash-flow month and triggered_action, what is the average action amount?","Cross-table temporal reasoning","Advanced","Temporal","ATOM_ENTITY_INVESTOR_PROFILE_001;ATOM_EVENT_CASH_FLOW_001;ATOM_EVENT_REBALANCING_ACTION_001;ATOM_EVENT_SCENARIO_REBALANCING_001","4","SELECT SUBSTR(c.date,1,7) AS month, s.triggered_action, ROUND(AVG(r.amount),2) AS avg_rebalance_amount FROM ATOM_ENTITY_INVESTOR_PROFILE_001 p JOIN ATOM_EVENT_CASH_FLOW_001 c ON c.investor_id=p.investor_id JOIN ATOM_EVENT_REBALANCING_ACTION_001 r ON r.investor_id=p.investor_id JOIN ATOM_EVENT_SCENARIO_REBALANCING_001 s ON s.investor_id=p.investor_id WHERE c.date IS NOT NULL GROUP BY SUBSTR(c.date,1,7), s.triggered_action ORDER BY month;","[{""month"":""2021-04"",""triggered_action"":null,""avg_rebalance_amount"":103402.43},{""month"":""2021-04"",""triggered_action"":""Exit sector positions"",""avg_rebalance_amount"":84350.75},{""month"":""2021-04"",""triggered_action"":""Increase Bonds"",""avg_rebalance_amount"":82810.57},{""month"":""2021-04"",""triggered_action"":""Reduce Long Bonds"",""avg_rebalance_amount"":112892.0},{""month"":""2021-04"",""triggered_action"":""Shift to Debt"",""avg_rebalance_amount"":42152.67},{""month"":""2021-05"",""triggered_action"":null,""avg_rebalance_amount"":84079.08},{""month"":""2021-05"",""triggered_action"":""Add Gold"",""avg_rebalance_amount"":97537.37},{""month"":""2021-05"",""triggered_action"":""Buy Defensive Stocks"",""avg_rebalance_amount"":79683.6},{""month"":""2021-05"",""triggered_action"":""Exit sector positions"",""avg_rebalance_amount"":96017.08},{""month"":""2021-05"",""triggered_action"":""Hedge Currency Risk"",""avg_rebalance_amount"":61306.85},{""month"":""2021-05"",""triggered_action"":""Increase Bonds"",""avg_rebalance_amount"":84476.04},{""month"":""2021-05"",""triggered_action"":""Increase Cash Position"",""avg_rebalance_amount"":69185.58},{""month"":""2021-05"",""triggered_action"":""Increase Equity"",""avg_rebalance_amount"":93119.33},{""month"":""2021-05"",""triggered_action"":""Reduce Equity"",""avg_rebalance_amount"":95831.69},{""month"":""2021-05"",""triggered_action"":""Reduce Gold"",""avg_rebalance_amount"":71841.21},{""month"":""2021-05"",""triggered_action"":""Reduce Long Bonds"",""avg_rebalance_amount"":79899.84},{""month"":""2021-05"",""triggered_action"":""Shift to Debt"",""avg_rebalance_amount"":108035.25},{""month"":""2021-06"",""triggered_action"":null,""avg_rebalance_amount"":109264.63},{""month"":""2021-06"",""triggered_action"":""Add Gold"",""avg_rebalance_amount"":102448.87},{""month"":""2021-06"",""triggered_action"":""Buy Defensive Stocks"",""avg_rebalance_amount"":110349.52},{""month"":""2021-06"",""triggered_action"":""Exit sector positions"",""avg_rebalance_amount"":87468.03},{""month"":""2021-06"",""triggered_action"":""Hedge Currency Risk"",""avg_rebalance_amount"":97425.0},{""month"":""2021-06"",""triggered_action"":""Increase Bonds"",""avg_rebalance_amount"":97747.71},{""month"":""2021-06"",""triggered_action"":""Increase Cash Position"",""avg_rebalance_amount"":100831.16},{""month"":""2021-06"",""triggered_action"":""Increase Equity"",""avg_rebalance_amount"":100258.29},{""month"":""2021-06"",""triggered_action"":""Reduce Equity"",""avg_rebalance_amount"":99399.62},{""month"":""2021-06"",""triggered_action"":""Reduce Gold"",""avg_rebalance_amount"":94899.47},{""month"":""2021-06"",""triggered_action"":""Reduce Long Bonds"",""avg_rebalance_amount"":93752.81},{""month"":""2021-06"",""triggered_action"":""Shift to Debt"",""avg_rebalance_amount"":89430.71},{""month"":""2021-07"",""triggered_action"":null,""avg_rebalance_amount"":102407.12},{""month"":""2021-07"",""triggered_action"":""Add Gold"",""avg_rebalance_amount"":96745.09},{""month"":""2021-07"",""triggered_action"":""Buy Defensive Stocks"",""avg_rebalance_amount"":79704.82},{""month"":""2021-07"",""triggered_action"":""Exit sector positions"",""avg_rebalance_amount"":98264.35},{""month"":""2021-07"",""triggered_action"":""Hedge Currency Risk"",""avg_rebalance_amount"":93334.57},{""month"":""2021-07"",""triggered_action"":""Increase Bonds"",""avg_rebalance_amount"":78361.69},{""month"":""2021-07"",""triggered_action"":""Increase Cash Position"",""avg_rebalance_amount"":91354.82},{""month"":""2021-07"",""triggered_action"":""Increase Equity"",""avg_rebalance_amount"":100658.57},{""month"":""2021-07"",""triggered_action"":""Reduce Equity"",""avg_rebalance_amount"":92416.32},{""month"":""2021-07"",""triggered_action"":""Reduce Gold"",""avg_rebalance_amount"":97762.07},{""month"":""2021-07"",""triggered_action"":""Reduce Long Bonds"",""avg_rebalance_amount"":82226.22},{""month"":""2021-07"",""triggered_action"":""Shift to Debt"",""avg_rebalance_amount"":98178.31},{""month"":""2021-08"",""triggered_action"":null,""avg_rebalance_amount"":77771.5},{""month"":""2021-08"",""triggered_action"":""Add Gold"",""avg_rebalance_amount"":98698.03},{""month"":""2021-08"",""triggered_action"":""Buy Defensive Stocks"",""avg_rebalance_amount"":101090.56},{""month"":""2021-08"",""triggered_action"":""Exit sector positions"",""avg_rebalance_amount"":101707.6},{""month"":""2021-08"",""triggered_action"":""Hedge Currency Risk"",""avg_rebalance_amount"":108036.91},{""month"":""2021-08"",""triggered_action"":""Increase Bonds"",""avg_rebalance_amount"":93998.09},{""month"":""2021-08"",""triggered_action"":""Increase Cash Position"",""avg_rebalance_amount"":93838.62},{""month"":""2021-08"",""triggered_action"":""Increase Equity"",""avg_rebalance_amount"":83504.97},{""month"":""2021-08"",""triggered_action"":""Reduce Equity"",""avg_rebalance_amount"":94073.3},{""month"":""2021-08"",""triggered_action"":""Reduce Gold"",""avg_rebalance_amount"":85294.19},{""month"":""2021-08"",""triggered_action"":""Reduce Long Bonds"",""avg_rebalance_amount"":82722.02},{""month"":""2021-08"",""triggered_action"":""Shift to Debt"",""avg_rebalance_amount"":111746.46},{""month"":""2021-09"",""triggered_action"":null,""avg_rebalance_amount"":86584.88},{""month"":""2021-09"",""triggered_action"":""Add Gold"",""avg_rebalance_amount"":100096.52},{""month"":""2021-09"",""triggered_action"":""Buy Defensive Stocks"",""avg_rebalance_amount"":112307.5},{""month"":""2021-09"",""triggered_action"":""Exit sector positions"",""avg_rebalance_amount"":92615.17},{""month"":""2021-09"",""triggered_action"":""Hedge Currency Risk"",""avg_rebalance_amount"":105569.42},{""month"":""2021-09"",""triggered_action"":""Increase Bonds"",""avg_rebalance_amount"":92549.55},{""month"":""2021-09"",""triggered_action"":""Increase Cash Position"",""avg_rebalance_amount"":105112.44},{""month"":""2021-09"",""triggered_action"":""Increase Equity"",""avg_rebalance_amount"":92324.57},{""month"":""2021-09"",""triggered_action"":""Reduce Equity"",""avg_rebalance_amount"":99705.62},{""month"":""2021-09"",""triggered_action"":""Reduce Gold"",""avg_rebalance_amount"":108423.1},{""month"":""2021-09"",""triggered_action"":""Reduce Long Bonds"",""avg_rebalance_amount"":111407.35},{""month"":""2021-09"",""triggered_action"":""Shift to Debt"",""avg_rebalance_amount"":78982.33},{""month"":""2021-10"",""triggered_action"":null,""avg_rebalance_amount"":94665.9},{""month"":""2021-10"",""triggered_action"":""Add Gold"",""avg_rebalance_amount"":96855.78},{""month"":""2021-10"",""triggered_action"":""Buy Defensive Stocks"",""avg_rebalance_amount"":88876.85},{""month"":""2021-10"",""triggered_action"":""Exit sector positions"",""avg_rebalance_amount"":97498.47},{""month"":""2021-10"",""triggered_action"":""Hedge Currency Risk"",""avg_rebalance_amount"":97280.69},{""month"":""2021-10"",""triggered_action"":""Increase Bonds"",""avg_rebalance_amount"":88307.16},{""month"":""2021-10"",""triggered_action"":""Increase Cash Position"",""avg_rebalance_amount"":86978.48},{""month"":""2021-10"",""triggered_action"":""Increase Equity"",""avg_rebalance_amount"":84325.71},{""month"":""2021-10"",""triggered_action"":""Reduce Equity"",""avg_rebalance_amount"":98210.38},{""month"":""2021-10"",""triggered_action"":""Reduce Gold"",""avg_rebalance_amount"":80236.04},{""month"":""2021-10"",""triggered_action"":""Reduce Long Bonds"",""avg_rebalance_amount"":94766.61},{""month"":""2021-10"",""triggered_action"":""Shift to Debt"",""avg_rebalance_amount"":78555.33},{""month"":""2021-11"",""triggered_action"":null,""avg_rebalance_amount"":109035.33},{""month"":""2021-11"",""triggered_action"":""Add Gold"",""avg_rebalance_amount"":85248.63},{""month"":""2021-11"",""triggered_action"":""Buy Defensive Stocks"",""avg_rebalance_amount"":103118.91},{""month"":""2021-11"",""triggered_action"":""Exit sector positions"",""avg_rebalance_amount"":104296.13},{""month"":""2021-11"",""triggered_action"":""Hedge Currency Risk"",""avg_rebalance_amount"":82874.88},{""month"":""2021-11"",""triggered_action"":""Increase Bonds"",""avg_rebalance_amount"":98062.75},{""month"":""2021-11"",""triggered_action"":""Increase Cash Position"",""avg_rebalance_amount"":98591.57},{""month"":""2021-11"",""triggered_action"":""Increase Equity"",""avg_rebalance_amount"":112472.04},{""month"":""2021-11"",""triggered_action"":""Reduce Equity"",""avg_rebalance_amount"":73216.82},{""month"":""2021-11"",""triggered_action"":""Reduce Gold"",""avg_rebalance_amount"":85205.12},{""month"":""2021-11"",""triggered_action"":""Reduce Long Bonds"",""avg_rebalance_amount"":103308.2},{""month"":""2021-11"",""triggered_action"":""Shift to Debt"",""avg_rebalance_amount"":88084.88},{""month"":""2021-12"",""triggered_action"":null,""avg_rebalance_amount"":107217.06},{""month"":""2021-12"",""triggered_action"":""Add Gold"",""avg_rebalance_amount"":83464.11},{""month"":""2021-12"",""triggered_action"":""Buy Defensive Stocks"",""avg_rebalance_amount"":82857.41},{""month"":""2021-12"",""triggered_action"":""Exit sector positions"",""avg_rebalance_amount"":89010.09},{""month"":""2021-12"",""triggered_action"":""Hedge Currency Risk"",""avg_rebalance_amount"":103048.32},{""month"":""2021-12"",""triggered_action"":""Increase Bonds"",""avg_rebalance_amount"":112572.41},{""month"":""2021-12"",""triggered_action"":""Increase Cash Position"",""avg_rebalance_amount"":68533.27},{""month"":""2021-12"",""triggered_action"":""Increase Equity"",""avg_rebalance_amount"":97374.94},{""month"":""2021-12"",""triggered_action"":""Reduce Equity"",""avg_rebalance_amount"":83778.5},{""month"":""2021-12"",""triggered_action"":""Reduce Gold"",""avg_rebalance_amount"":74729.31},{""month"":""2021-12"",""triggered_action"":""Reduce Long Bonds"",""avg_rebalance_amount"":86025.57},{""month"":""2021-12"",""triggered_action"":""Shift to Debt"",""avg_rebalance_amount"":113313.16},{""month"":""2022-01"",""triggered_action"":null,""avg_rebalance_amount"":103654.86},{""month"":""2022-01"",""triggered_action"":""Add Gold"",""avg_rebalance_amount"":98191.57},{""month"":""2022-01"",""triggered_action"":""Buy Defensive Stocks"",""avg_rebalance_amount"":92554.9},{""month"":""2022-01"",""triggered_action"":""Exit sector positions"",""avg_rebalance_amount"":100117.35},{""month"":""2022-01"",""triggered_action"":""Hedge Currency Risk"",""avg_rebalance_amount"":102709.73},{""month"":""2022-01"",""triggered_action"":""Increase Bonds"",""avg_rebalance_amount"":105320.06},{""month"":""2022-01"",""triggered_action"":""Increase Cash Position"",""avg_rebalance_amount"":107290.93},{""month"":""2022-01"",""triggered_action"":""Increase Equity"",""avg_rebalance_amount"":105859.61},{""month"":""2022-01"",""triggered_action"":""Reduce Equity"",""avg_rebalance_amount"":99645.03},{""month"":""2022-01"",""triggered_action"":""Reduce Gold"",""avg_rebalance_amount"":89191.62},{""month"":""2022-01"",""triggered_action"":""Reduce Long Bonds"",""avg_rebalance_amount"":95731.6},{""month"":""2022-01"",""triggered_action"":""Shift to Debt"",""avg_rebalance_amount"":88557.33},{""month"":""2022-02"",""triggered_action"":null,""avg_rebalance_amount"":95750.83},{""month"":""2022-02"",""triggered_action"":""Add Gold"",""avg_rebalance_amount"":100451.93},{""month"":""2022-02"",""triggered_action"":""Buy Defensive Stocks"",""avg_rebalance_amount"":83063.32},{""month"":""2022-02"",""triggered_action"":""Exit sector positions"",""avg_rebalance_amount"":107614.27},{""month"":""2022-02"",""triggered_action"":""Hedge Currency Risk"",""avg_rebalance_amount"":103085.05},{""month"":""2022-02"",""triggered_action"":""Increase Bonds"",""avg_rebalance_amount"":114706.89},{""month"":""2022-02"",""triggered_action"":""Increase Cash Position"",""avg_rebalance_amount"":75482.0},{""month"":""2022-02"",""triggered_action"":""Increase Equity"",""avg_rebalance_amount"":102700.06},{""month"":""2022-02"",""triggered_action"":""Reduce Equity"",""avg_rebalance_amount"":92661.53},{""month"":""2022-02"",""triggered_action"":""Reduce Gold"",""avg_rebalance_amount"":77310.46},{""month"":""2022-02"",""triggered_action"":""Reduce Long Bonds"",""avg_rebalance_amount"":88952.85},{""month"":""2022-02"",""triggered_action"":""Shift to Debt"",""avg_rebalance_amount"":79465.52},{""month"":""2022-03"",""triggered_action"":null,""avg_rebalance_amount"":78358.86},{""month"":""2022-03"",""triggered_action"":""Add Gold"",""avg_rebalance_amount"":96957.0},{""month"":""2022-03"",""triggered_action"":""Buy Defensive Stocks"",""avg_rebalance_amount"":81369.51},{""month"":""2022-03"",""triggered_action"":""Exit sector positions"",""avg_rebalance_amount"":95625.05},{""month"":""2022-03"",""triggered_action"":""Hedge Currency Risk"",""avg_rebalance_amount"":92325.38},{""month"":""2022-03"",""triggered_action"":""Increase Bonds"",""avg_rebalance_amount"":82867.82},{""month"":""2022-03"",""triggered_action"":""Increase Cash Position"",""avg_rebalance_amount"":83200.56},{""month"":""2022-03"",""triggered_action"":""Increase Equity"",""avg_rebalance_amount"":100679.0},{""month"":""2022-03"",""triggered_action"":""Reduce Equity"",""avg_rebalance_amount"":86567.02},{""month"":""2022-03"",""triggered_action"":""Reduce Gold"",""avg_rebalance_amount"":87013.0},{""month"":""2022-03"",""triggered_action"":""Reduce Long Bonds"",""avg_rebalance_amount"":72260.86},{""month"":""2022-03"",""triggered_action"":""Shift to Debt"",""avg_rebalance_amount"":64353.85},{""month"":""2022-04"",""triggered_action"":null,""avg_rebalance_amount"":113971.22},{""month"":""2022-04"",""triggered_action"":""Add Gold"",""avg_rebalance_amount"":87817.34},{""month"":""2022-04"",""triggered_action"":""Buy Defensive Stocks"",""avg_rebalance_amount"":72105.71},{""month"":""2022-04"",""triggered_action"":""Exit sector positions"",""avg_rebalance_amount"":98321.44},{""month"":""2022-04"",""triggered_action"":""Hedge Currency Risk"",""avg_rebalance_amount"":95056.78},{""month"":""2022-04"",""triggered_action"":""Increase Bonds"",""avg_rebalance_amount"":109934.34},{""month"":""2022-04"",""triggered_action"":""Increase Cash Position"",""avg_rebalance_amount"":104450.12},{""month"":""2022-04"",""triggered_action"":""Increase Equity"",""avg_rebalance_amount"":96505.73},{""month"":""2022-04"",""triggered_action"":""Reduce Equity"",""avg_rebalance_amount"":104646.03},{""month"":""2022-04"",""triggered_action"":""Reduce Gold"",""avg_rebalance_amount"":98098.34},{""month"":""2022-04"",""triggered_action"":""Reduce Long Bonds"",""avg_rebalance_amount"":61008.27},{""month"":""2022-04"",""triggered_action"":""Shift to Debt"",""avg_rebalance_amount"":102690.55},{""month"":""2022-05"",""triggered_action"":null,""avg_rebalance_amount"":110555.04},{""month"":""2022-05"",""triggered_action"":""Add Gold"",""avg_rebalance_amount"":89169.88},{""month"":""2022-05"",""triggered_action"":""Buy Defensive Stocks"",""avg_rebalance_amount"":78124.3},{""month"":""2022-05"",""triggered_action"":""Exit sector positions"",""avg_rebalance_amount"":96773.82},{""month"":""2022-05"",""triggered_action"":""Hedge Currency Risk"",""avg_rebalance_amount"":91060.44},{""month"":""2022-05"",""triggered_action"":""Increase Bonds"",""avg_rebalance_amount"":90216.13},{""month"":""2022-05"",""triggered_action"":""Increase Cash Position"",""avg_rebalance_amount"":96458.35},{""month"":""2022-05"",""triggered_action"":""Increase Equity"",""avg_rebalance_amount"":78161.4},{""month"":""2022-05"",""triggered_action"":""Reduce Equity"",""avg_rebalance_amount"":98549.14},{""month"":""2022-05"",""triggered_action"":""Reduce Gold"",""avg_rebalance_amount"":92025.89},{""month"":""2022-05"",""triggered_action"":""Reduce Long Bonds"",""avg_rebalance_amount"":88471.06},{""month"":""2022-05"",""triggered_action"":""Shift to Debt"",""avg_rebalance_amount"":67611.66},{""month"":""2022-06"",""triggered_action"":null,""avg_rebalance_amount"":113300.89},{""month"":""2022-06"",""triggered_action"":""Add Gold"",""avg_rebalance_amount"":101374.5},{""month"":""2022-06"",""triggered_action"":""Buy Defensive Stocks"",""avg_rebalance_amount"":91178.12},{""month"":""2022-06"",""triggered_action"":""Exit sector positions"",""avg_rebalance_amount"":91959.44},{""month"":""2022-06"",""triggered_action"":""Hedge Currency Risk"",""avg_rebalance_amount"":109073.68},{""month"":""2022-06"",""triggered_action"":""Increase Bonds"",""avg_rebalance_amount"":99281.04},{""month"":""2022-06"",""triggered_action"":""Increase Cash Position"",""avg_rebalance_amount"":102978.17},{""month"":""2022-06"",""triggered_action"":""Increase Equity"",""avg_rebalance_amount"":82725.59},{""month"":""2022-06"",""triggered_action"":""Reduce Equity"",""avg_rebalance_amount"":105735.28},{""month"":""2022-06"",""triggered_action"":""Reduce Gold"",""avg_rebalance_amount"":92005.27},{""month"":""2022-06"",""triggered_action"":""Reduce Long Bonds"",""avg_rebalance_amount"":84079.0},{""month"":""2022-06"",""triggered_action"":""Shift to Debt"",""avg_rebalance_amount"":96777.13},{""month"":""2022-07"",""triggered_action"":null,""avg_rebalance_amount"":75636.0},{""month"":""2022-07"",""triggered_action"":""Add Gold"",""avg_rebalance_amount"":98554.87},{""month"":""2022-07"",""triggered_action"":""Buy Defensive Stocks"",""avg_rebalance_amount"":97747.77},{""month"":""2022-07"",""triggered_action"":""Exit sector positions"",""avg_rebalance_amount"":102781.53},{""month"":""2022-07"",""triggered_action"":""Hedge Currency Risk"",""avg_rebalance_amount"":101172.64},{""month"":""2022-07"",""triggered_action"":""Increase Bonds"",""avg_rebalance_amount"":107132.86},{""month"":""2022-07"",""triggered_action"":""Increase Cash Position"",""avg_rebalance_amount"":90839.69},{""month"":""2022-07"",""triggered_action"":""Increase Equity"",""avg_rebalance_amount"":89635.36},{""month"":""2022-07"",""triggered_action"":""Reduce Equity"",""avg_rebalance_amount"":96716.47},{""month"":""2022-07"",""triggered_action"":""Reduce Gold"",""avg_rebalance_amount"":97524.34},{""month"":""2022-07"",""triggered_action"":""Reduce Long Bonds"",""avg_rebalance_amount"":83874.42},{""month"":""2022-07"",""triggered_action"":""Shift to Debt"",""avg_rebalance_amount"":91637.0},{""month"":""2022-08"",""triggered_action"":null,""avg_rebalance_amount"":105923.26},{""month"":""2022-08"",""triggered_action"":""Add Gold"",""avg_rebalance_amount"":91479.42},{""month"":""2022-08"",""triggered_action"":""Buy Defensive Stocks"",""avg_rebalance_amount"":101732.82},{""month"":""2022-08"",""triggered_action"":""Exit sector positions"",""avg_rebalance_amount"":108322.4},{""month"":""2022-08"",""triggered_action"":""Hedge Currency Risk"",""avg_rebalance_amount"":104338.04},{""month"":""2022-08"",""triggered_action"":""Increase Bonds"",""avg_rebalance_amount"":101257.65},{""month"":""2022-08"",""triggered_action"":""Increase Cash Position"",""avg_rebalance_amount"":96616.98},{""month"":""2022-08"",""triggered_action"":""Increase Equity"",""avg_rebalance_amount"":66799.47},{""month"":""2022-08"",""triggered_action"":""Reduce Equity"",""avg_rebalance_amount"":101428.94},{""month"":""2022-08"",""triggered_action"":""Reduce Gold"",""avg_rebalance_amount"":91859.15},{""month"":""2022-08"",""triggered_action"":""Reduce Long Bonds"",""avg_rebalance_amount"":104331.18},{""month"":""2022-08"",""triggered_action"":""Shift to Debt"",""avg_rebalance_amount"":103263.3},{""month"":""2022-09"",""triggered_action"":null,""avg_rebalance_amount"":72522.5},{""month"":""2022-09"",""triggered_action"":""Add Gold"",""avg_rebalance_amount"":92347.62},{""month"":""2022-09"",""triggered_action"":""Buy Defensive Stocks"",""avg_rebalance_amount"":78651.71},{""month"":""2022-09"",""triggered_action"":""Exit sector positions"",""avg_rebalance_amount"":140542.29},{""month"":""2022-09"",""triggered_action"":""Hedge Currency Risk"",""avg_rebalance_amount"":118676.35},{""month"":""2022-09"",""triggered_action"":""Increase Bonds"",""avg_rebalance_amount"":93289.56},{""month"":""2022-09"",""triggered_action"":""Increase Cash Position"",""avg_rebalance_amount"":88249.79},{""month"":""2022-09"",""triggered_action"":""Increase Equity"",""avg_rebalance_amount"":94219.86},{""month"":""2022-09"",""triggered_action"":""Reduce Equity"",""avg_rebalance_amount"":101448.96},{""month"":""2022-09"",""triggered_action"":""Reduce Gold"",""avg_rebalance_amount"":83373.28},{""month"":""2022-09"",""triggered_action"":""Reduce Long Bonds"",""avg_rebalance_amount"":88214.39},{""month"":""2022-09"",""triggered_action"":""Shift to Debt"",""avg_rebalance_amount"":93525.16},{""month"":""2022-10"",""triggered_action"":null,""avg_rebalance_amount"":103714.82},{""month"":""2022-10"",""triggered_action"":""Add Gold"",""avg_rebalance_amount"":66334.81},{""month"":""2022-10"",""triggered_action"":""Buy Defensive Stocks"",""avg_rebalance_amount"":95544.14},{""month"":""2022-10"",""triggered_action"":""Exit sector positions"",""avg_rebalance_amount"":100743.61},{""month"":""2022-10"",""triggered_action"":""Hedge Currency Risk"",""avg_rebalance_amount"":75919.42},{""month"":""2022-10"",""triggered_action"":""Increase Bonds"",""avg_rebalance_amount"":91332.42},{""month"":""2022-10"",""triggered_action"":""Increase Cash Position"",""avg_rebalance_amount"":93239.08},{""month"":""2022-10"",""triggered_action"":""Increase Equity"",""avg_rebalance_amount"":102495.61},{""month"":""2022-10"",""triggered_action"":""Reduce Equity"",""avg_rebalance_amount"":80867.54},{""month"":""2022-10"",""triggered_action"":""Reduce Gold"",""avg_rebalance_amount"":90777.54},{""month"":""2022-10"",""triggered_action"":""Reduce Long Bonds"",""avg_rebalance_amount"":94103.0},{""month"":""2022-10"",""triggered_action"":""Shift to Debt"",""avg_rebalance_amount"":97301.51},{""month"":""2022-11"",""triggered_action"":null,""avg_rebalance_amount"":106784.13},{""month"":""2022-11"",""triggered_action"":""Add Gold"",""avg_rebalance_amount"":77975.03},{""month"":""2022-11"",""triggered_action"":""Buy Defensive Stocks"",""avg_rebalance_amount"":95084.15},{""month"":""2022-11"",""triggered_action"":""Exit sector positions"",""avg_rebalance_amount"":93804.95},{""month"":""2022-11"",""triggered_action"":""Hedge Currency Risk"",""avg_rebalance_amount"":96042.43},{""month"":""2022-11"",""triggered_action"":""Increase Bonds"",""avg_rebalance_amount"":92954.78},{""month"":""2022-11"",""triggered_action"":""Increase Cash Position"",""avg_rebalance_amount"":80128.79},{""month"":""2022-11"",""triggered_action"":""Increase Equity"",""avg_rebalance_amount"":93313.55},{""month"":""2022-11"",""triggered_action"":""Reduce Equity"",""avg_rebalance_amount"":88348.79},{""month"":""2022-11"",""triggered_action"":""Reduce Gold"",""avg_rebalance_amount"":87500.52},{""month"":""2022-11"",""triggered_action"":""Reduce Long Bonds"",""avg_rebalance_amount"":90878.9},{""month"":""2022-11"",""triggered_action"":""Shift to Debt"",""avg_rebalance_amount"":88714.29},{""month"":""2022-12"",""triggered_action"":null,""avg_rebalance_amount"":105788.82},{""month"":""2022-12"",""triggered_action"":""Add Gold"",""avg_rebalance_amount"":81715.64},{""month"":""2022-12"",""triggered_action"":""Buy Defensive Stocks"",""avg_rebalance_amount"":102406.85},{""month"":""2022-12"",""triggered_action"":""Exit sector positions"",""avg_rebalance_amount"":77797.1},{""month"":""2022-12"",""triggered_action"":""Hedge Currency Risk"",""avg_rebalance_amount"":111669.13},{""month"":""2022-12"",""triggered_action"":""Increase Bonds"",""avg_rebalance_amount"":96075.43},{""month"":""2022-12"",""triggered_action"":""Increase Cash Position"",""avg_rebalance_amount"":100927.93},{""month"":""2022-12"",""triggered_action"":""Increase Equity"",""avg_rebalance_amount"":106824.0},{""month"":""2022-12"",""triggered_action"":""Reduce Equity"",""avg_rebalance_amount"":86828.67},{""month"":""2022-12"",""triggered_action"":""Reduce Gold"",""avg_rebalance_amount"":100503.11},{""month"":""2022-12"",""triggered_action"":""Reduce Long Bonds"",""avg_rebalance_amount"":95544.84},{""month"":""2022-12"",""triggered_action"":""Shift to Debt"",""avg_rebalance_amount"":93465.44},{""month"":""2023-01"",""triggered_action"":null,""avg_rebalance_amount"":112421.29},{""month"":""2023-01"",""triggered_action"":""Add Gold"",""avg_rebalance_amount"":74958.46},{""month"":""2023-01"",""triggered_action"":""Buy Defensive Stocks"",""avg_rebalance_amount"":80742.27},{""month"":""2023-01"",""triggered_action"":""Exit sector positions"",""avg_rebalance_amount"":90627.7},{""month"":""2023-01"",""triggered_action"":""Hedge Currency Risk"",""avg_rebalance_amount"":75088.77},{""month"":""2023-01"",""triggered_action"":""Increase Bonds"",""avg_rebalance_amount"":68809.54},{""month"":""2023-01"",""triggered_action"":""Increase Cash Position"",""avg_rebalance_amount"":103423.04},{""month"":""2023-01"",""triggered_action"":""Increase Equity"",""avg_rebalance_amount"":81845.65},{""month"":""2023-01"",""triggered_action"":""Reduce Equity"",""avg_rebalance_amount"":81247.43},{""month"":""2023-01"",""triggered_action"":""Reduce Gold"",""avg_rebalance_amount"":60888.32},{""month"":""2023-01"",""triggered_action"":""Reduce Long Bonds"",""avg_rebalance_amount"":84896.77},{""month"":""2023-01"",""triggered_action"":""Shift to Debt"",""avg_rebalance_amount"":80761.68},{""month"":""2023-02"",""triggered_action"":null,""avg_rebalance_amount"":97140.53},{""month"":""2023-02"",""triggered_action"":""Add Gold"",""avg_rebalance_amount"":85509.34},{""month"":""2023-02"",""triggered_action"":""Buy Defensive Stocks"",""avg_rebalance_amount"":117100.65},{""month"":""2023-02"",""triggered_action"":""Exit sector positions"",""avg_rebalance_amount"":93049.76},{""month"":""2023-02"",""triggered_action"":""Hedge Currency Risk"",""avg_rebalance_amount"":104350.75},{""month"":""2023-02"",""triggered_action"":""Increase Bonds"",""avg_rebalance_amount"":108109.17},{""month"":""2023-02"",""triggered_action"":""Increase Cash Position"",""avg_rebalance_amount"":79342.93},{""month"":""2023-02"",""triggered_action"":""Increase Equity"",""avg_rebalance_amount"":129703.28},{""month"":""2023-02"",""triggered_action"":""Reduce Equity"",""avg_rebalance_amount"":75186.94},{""month"":""2023-02"",""triggered_action"":""Reduce Gold"",""avg_rebalance_amount"":72537.07},{""month"":""2023-02"",""triggered_action"":""Reduce Long Bonds"",""avg_rebalance_amount"":88720.63},{""month"":""2023-02"",""triggered_action"":""Shift to Debt"",""avg_rebalance_amount"":99502.58},{""month"":""2023-03"",""triggered_action"":null,""avg_rebalance_amount"":87056.88},{""month"":""2023-03"",""triggered_action"":""Add Gold"",""avg_rebalance_amount"":95666.08},{""month"":""2023-03"",""triggered_action"":""Buy Defensive Stocks"",""avg_rebalance_amount"":97402.39},{""month"":""2023-03"",""triggered_action"":""Exit sector positions"",""avg_rebalance_amount"":91184.44},{""month"":""2023-03"",""triggered_action"":""Hedge Currency Risk"",""avg_rebalance_amount"":93603.16},{""month"":""2023-03"",""triggered_action"":""Increase Bonds"",""avg_rebalance_amount"":97746.31},{""month"":""2023-03"",""triggered_action"":""Increase Cash Position"",""avg_rebalance_amount"":101345.81},{""month"":""2023-03"",""triggered_action"":""Increase Equity"",""avg_rebalance_amount"":92240.38},{""month"":""2023-03"",""triggered_action"":""Reduce Equity"",""avg_rebalance_amount"":109089.18},{""month"":""2023-03"",""triggered_action"":""Reduce Gold"",""avg_rebalance_amount"":84470.53},{""month"":""2023-03"",""triggered_action"":""Reduce Long Bonds"",""avg_rebalance_amount"":78530.31},{""month"":""2023-03"",""triggered_action"":""Shift to Debt"",""avg_rebalance_amount"":100639.05},{""month"":""2023-04"",""triggered_action"":null,""avg_rebalance_amount"":88767.43},{""month"":""2023-04"",""triggered_action"":""Add Gold"",""avg_rebalance_amount"":86494.5},{""month"":""2023-04"",""triggered_action"":""Buy Defensive Stocks"",""avg_rebalance_amount"":87474.5},{""month"":""2023-04"",""triggered_action"":""Exit sector positions"",""avg_rebalance_amount"":86637.26},{""month"":""2023-04"",""triggered_action"":""Hedge Currency Risk"",""avg_rebalance_amount"":95478.25},{""month"":""2023-04"",""triggered_action"":""Increase Bonds"",""avg_rebalance_amount"":84313.0},{""month"":""2023-04"",""triggered_action"":""Increase Cash Position"",""avg_rebalance_amount"":100795.1},{""month"":""2023-04"",""triggered_action"":""Increase Equity"",""avg_rebalance_amount"":104952.67},{""month"":""2023-04"",""triggered_action"":""Reduce Equity"",""avg_rebalance_amount"":80073.44},{""month"":""2023-04"",""triggered_action"":""Reduce Gold"",""avg_rebalance_amount"":93942.31},{""month"":""2023-04"",""triggered_action"":""Reduce Long Bonds"",""avg_rebalance_amount"":80250.84},{""month"":""2023-04"",""triggered_action"":""Shift to Debt"",""avg_rebalance_amount"":108822.43},{""month"":""2023-05"",""triggered_action"":null,""avg_rebalance_amount"":88138.18},{""month"":""2023-05"",""triggered_action"":""Add Gold"",""avg_rebalance_amount"":89563.46},{""month"":""2023-05"",""triggered_action"":""Buy Defensive Stocks"",""avg_rebalance_amount"":96471.76},{""month"":""2023-05"",""triggered_action"":""Exit sector positions"",""avg_rebalance_amount"":97937.67},{""month"":""2023-05"",""triggered_action"":""Hedge Currency Risk"",""avg_rebalance_amount"":83699.04},{""month"":""2023-05"",""triggered_action"":""Increase Bonds"",""avg_rebalance_amount"":111542.0},{""month"":""2023-05"",""triggered_action"":""Increase Cash Position"",""avg_rebalance_amount"":100704.41},{""month"":""2023-05"",""triggered_action"":""Increase Equity"",""avg_rebalance_amount"":94708.26},{""month"":""2023-05"",""triggered_action"":""Reduce Equity"",""avg_rebalance_amount"":84778.85},{""month"":""2023-05"",""triggered_action"":""Reduce Gold"",""avg_rebalance_amount"":98470.92},{""month"":""2023-05"",""triggered_action"":""Reduce Long Bonds"",""avg_rebalance_amount"":106091.74},{""month"":""2023-05"",""triggered_action"":""Shift to Debt"",""avg_rebalance_amount"":98627.44},{""month"":""2023-06"",""triggered_action"":null,""avg_rebalance_amount"":88877.48},{""month"":""2023-06"",""triggered_action"":""Add Gold"",""avg_rebalance_amount"":87987.5},{""month"":""2023-06"",""triggered_action"":""Buy Defensive Stocks"",""avg_rebalance_amount"":80093.62},{""month"":""2023-06"",""triggered_action"":""Exit sector positions"",""avg_rebalance_amount"":88403.02},{""month"":""2023-06"",""triggered_action"":""Hedge Currency Risk"",""avg_rebalance_amount"":106631.06},{""month"":""2023-06"",""triggered_action"":""Increase Bonds"",""avg_rebalance_amount"":99549.74},{""month"":""2023-06"",""triggered_action"":""Increase Cash Position"",""avg_rebalance_amount"":100997.04},{""month"":""2023-06"",""triggered_action"":""Increase Equity"",""avg_rebalance_amount"":108011.37},{""month"":""2023-06"",""triggered_action"":""Reduce Equity"",""avg_rebalance_amount"":92350.05},{""month"":""2023-06"",""triggered_action"":""Reduce Gold"",""avg_rebalance_amount"":103796.11},{""month"":""2023-06"",""triggered_action"":""Reduce Long Bonds"",""avg_rebalance_amount"":105843.13},{""month"":""2023-06"",""triggered_action"":""Shift to Debt"",""avg_rebalance_amount"":85227.74},{""month"":""2023-07"",""triggered_action"":null,""avg_rebalance_amount"":113088.88},{""month"":""2023-07"",""triggered_action"":""Add Gold"",""avg_rebalance_amount"":71580.0},{""month"":""2023-07"",""triggered_action"":""Buy Defensive Stocks"",""avg_rebalance_amount"":97057.44},{""month"":""2023-07"",""triggered_action"":""Exit sector positions"",""avg_rebalance_amount"":101878.47},{""month"":""2023-07"",""triggered_action"":""Hedge Currency Risk"",""avg_rebalance_amount"":107170.84},{""month"":""2023-07"",""triggered_action"":""Increase Bonds"",""avg_rebalance_amount"":79625.83},{""month"":""2023-07"",""triggered_action"":""Increase Cash Position"",""avg_rebalance_amount"":81137.71},{""month"":""2023-07"",""triggered_action"":""Increase Equity"",""avg_rebalance_amount"":83731.82},{""month"":""2023-07"",""triggered_action"":""Reduce Equity"",""avg_rebalance_amount"":96861.81},{""month"":""2023-07"",""triggered_action"":""Reduce Gold"",""avg_rebalance_amount"":112667.49},{""month"":""2023-07"",""triggered_action"":""Reduce Long Bonds"",""avg_rebalance_amount"":106277.41},{""month"":""2023-07"",""triggered_action"":""Shift to Debt"",""avg_rebalance_amount"":86531.65},{""month"":""2023-08"",""triggered_action"":null,""avg_rebalance_amount"":74942.33},{""month"":""2023-08"",""triggered_action"":""Add Gold"",""avg_rebalance_amount"":71562.35},{""month"":""2023-08"",""triggered_action"":""Buy Defensive Stocks"",""avg_rebalance_amount"":104388.78},{""month"":""2023-08"",""triggered_action"":""Exit sector positions"",""avg_rebalance_amount"":98762.04},{""month"":""2023-08"",""triggered_action"":""Hedge Currency Risk"",""avg_rebalance_amount"":72887.84},{""month"":""2023-08"",""triggered_action"":""Increase Bonds"",""avg_rebalance_amount"":108224.42},{""month"":""2023-08"",""triggered_action"":""Increase Cash Position"",""avg_rebalance_amount"":116148.0},{""month"":""2023-08"",""triggered_action"":""Increase Equity"",""avg_rebalance_amount"":96188.53},{""month"":""2023-08"",""triggered_action"":""Reduce Equity"",""avg_rebalance_amount"":96215.18},{""month"":""2023-08"",""triggered_action"":""Reduce Gold"",""avg_rebalance_amount"":100507.67},{""month"":""2023-08"",""triggered_action"":""Reduce Long Bonds"",""avg_rebalance_amount"":112911.98},{""month"":""2023-08"",""triggered_action"":""Shift to Debt"",""avg_rebalance_amount"":92574.35},{""month"":""2023-09"",""triggered_action"":null,""avg_rebalance_amount"":65301.4},{""month"":""2023-09"",""triggered_action"":""Add Gold"",""avg_rebalance_amount"":72757.19},{""month"":""2023-09"",""triggered_action"":""Buy Defensive Stocks"",""avg_rebalance_amount"":80467.86},{""month"":""2023-09"",""triggered_action"":""Exit sector positions"",""avg_rebalance_amount"":86125.13},{""month"":""2023-09"",""triggered_action"":""Hedge Currency Risk"",""avg_rebalance_amount"":85302.69},{""month"":""2023-09"",""triggered_action"":""Increase Bonds"",""avg_rebalance_amount"":98105.85},{""month"":""2023-09"",""triggered_action"":""Increase Cash Position"",""avg_rebalance_amount"":89499.39},{""month"":""2023-09"",""triggered_action"":""Increase Equity"",""avg_rebalance_amount"":84318.33},{""month"":""2023-09"",""triggered_action"":""Reduce Equity"",""avg_rebalance_amount"":80373.4},{""month"":""2023-09"",""triggered_action"":""Reduce Gold"",""avg_rebalance_amount"":89864.93},{""month"":""2023-09"",""triggered_action"":""Reduce Long Bonds"",""avg_rebalance_amount"":93726.77},{""month"":""2023-09"",""triggered_action"":""Shift to Debt"",""avg_rebalance_amount"":80368.3},{""month"":""2023-10"",""triggered_action"":null,""avg_rebalance_amount"":97159.59},{""month"":""2023-10"",""triggered_action"":""Add Gold"",""avg_rebalance_amount"":86522.89},{""month"":""2023-10"",""triggered_action"":""Buy Defensive Stocks"",""avg_rebalance_amount"":95222.85},{""month"":""2023-10"",""triggered_action"":""Exit sector positions"",""avg_rebalance_amount"":102024.76},{""month"":""2023-10"",""triggered_action"":""Hedge Currency Risk"",""avg_rebalance_amount"":113040.41},{""month"":""2023-10"",""triggered_action"":""Increase Bonds"",""avg_rebalance_amount"":112022.63},{""month"":""2023-10"",""triggered_action"":""Increase Cash Position"",""avg_rebalance_amount"":101640.92},{""month"":""2023-10"",""triggered_action"":""Increase Equity"",""avg_rebalance_amount"":100880.31},{""month"":""2023-10"",""triggered_action"":""Reduce Equity"",""avg_rebalance_amount"":92550.02},{""month"":""2023-10"",""triggered_action"":""Reduce Gold"",""avg_rebalance_amount"":102498.43},{""month"":""2023-10"",""triggered_action"":""Reduce Long Bonds"",""avg_rebalance_amount"":90359.24},{""month"":""2023-10"",""triggered_action"":""Shift to Debt"",""avg_rebalance_amount"":84842.52},{""month"":""2023-11"",""triggered_action"":null,""avg_rebalance_amount"":90814.0},{""month"":""2023-11"",""triggered_action"":""Add Gold"",""avg_rebalance_amount"":91078.59},{""month"":""2023-11"",""triggered_action"":""Buy Defensive Stocks"",""avg_rebalance_amount"":96624.48},{""month"":""2023-11"",""triggered_action"":""Exit sector positions"",""avg_rebalance_amount"":89677.48},{""month"":""2023-11"",""triggered_action"":""Hedge Currency Risk"",""avg_rebalance_amount"":85306.11},{""month"":""2023-11"",""triggered_action"":""Increase Bonds"",""avg_rebalance_amount"":61950.19},{""month"":""2023-11"",""triggered_action"":""Increase Cash Position"",""avg_rebalance_amount"":74502.65},{""month"":""2023-11"",""triggered_action"":""Increase Equity"",""avg_rebalance_amount"":79129.93},{""month"":""2023-11"",""triggered_action"":""Reduce Equity"",""avg_rebalance_amount"":94767.84},{""month"":""2023-11"",""triggered_action"":""Reduce Gold"",""avg_rebalance_amount"":78895.44},{""month"":""2023-11"",""triggered_action"":""Reduce Long Bonds"",""avg_rebalance_amount"":78947.18},{""month"":""2023-11"",""triggered_action"":""Shift to Debt"",""avg_rebalance_amount"":88356.78},{""month"":""2023-12"",""triggered_action"":null,""avg_rebalance_amount"":106071.43},{""month"":""2023-12"",""triggered_action"":""Add Gold"",""avg_rebalance_amount"":104909.88},{""month"":""2023-12"",""triggered_action"":""Buy Defensive Stocks"",""avg_rebalance_amount"":98273.52},{""month"":""2023-12"",""triggered_action"":""Exit sector positions"",""avg_rebalance_amount"":113142.65},{""month"":""2023-12"",""triggered_action"":""Hedge Currency Risk"",""avg_rebalance_amount"":101585.14},{""month"":""2023-12"",""triggered_action"":""Increase Bonds"",""avg_rebalance_amount"":108855.53},{""month"":""2023-12"",""triggered_action"":""Increase Cash Position"",""avg_rebalance_amount"":95597.72},{""month"":""2023-12"",""triggered_action"":""Increase Equity"",""avg_rebalance_amount"":99835.0},{""month"":""2023-12"",""triggered_action"":""Reduce Equity"",""avg_rebalance_amount"":101525.4},{""month"":""2023-12"",""triggered_action"":""Reduce Gold"",""avg_rebalance_amount"":96452.15},{""month"":""2023-12"",""triggered_action"":""Reduce Long Bonds"",""avg_rebalance_amount"":89597.47},{""month"":""2023-12"",""triggered_action"":""Shift to Debt"",""avg_rebalance_amount"":91854.56},{""month"":""2024-01"",""triggered_action"":null,""avg_rebalance_amount"":93832.38},{""month"":""2024-01"",""triggered_action"":""Add Gold"",""avg_rebalance_amount"":93366.0},{""month"":""2024-01"",""triggered_action"":""Buy Defensive Stocks"",""avg_rebalance_amount"":87055.66},{""month"":""2024-01"",""triggered_action"":""Exit sector positions"",""avg_rebalance_amount"":94214.36},{""month"":""2024-01"",""triggered_action"":""Hedge Currency Risk"",""avg_rebalance_amount"":98127.53},{""month"":""2024-01"",""triggered_action"":""Increase Bonds"",""avg_rebalance_amount"":107880.96},{""month"":""2024-01"",""triggered_action"":""Increase Cash Position"",""avg_rebalance_amount"":88219.65},{""month"":""2024-01"",""triggered_action"":""Increase Equity"",""avg_rebalance_amount"":95462.89},{""month"":""2024-01"",""triggered_action"":""Reduce Equity"",""avg_rebalance_amount"":105784.08},{""month"":""2024-01"",""triggered_action"":""Reduce Gold"",""avg_rebalance_amount"":90881.17},{""month"":""2024-01"",""triggered_action"":""Reduce Long Bonds"",""avg_rebalance_amount"":77654.53},{""month"":""2024-01"",""triggered_action"":""Shift to Debt"",""avg_rebalance_amount"":79306.07},{""month"":""2024-02"",""triggered_action"":null,""avg_rebalance_amount"":74787.5},{""month"":""2024-02"",""triggered_action"":""Add Gold"",""avg_rebalance_amount"":95487.82},{""month"":""2024-02"",""triggered_action"":""Buy Defensive Stocks"",""avg_rebalance_amount"":87252.27},{""month"":""2024-02"",""triggered_action"":""Exit sector positions"",""avg_rebalance_amount"":95797.24},{""month"":""2024-02"",""triggered_action"":""Hedge Currency Risk"",""avg_rebalance_amount"":71348.25},{""month"":""2024-02"",""triggered_action"":""Increase Bonds"",""avg_rebalance_amount"":100074.64},{""month"":""2024-02"",""triggered_action"":""Increase Cash Position"",""avg_rebalance_amount"":86504.83},{""month"":""2024-02"",""triggered_action"":""Increase Equity"",""avg_rebalance_amount"":75272.33},{""month"":""2024-02"",""triggered_action"":""Reduce Equity"",""avg_rebalance_amount"":94604.83},{""month"":""2024-02"",""triggered_action"":""Reduce Gold"",""avg_rebalance_amount"":93973.76},{""month"":""2024-02"",""triggered_action"":""Reduce Long Bonds"",""avg_rebalance_amount"":75996.37},{""month"":""2024-02"",""triggered_action"":""Shift to Debt"",""avg_rebalance_amount"":104665.02},{""month"":""2024-03"",""triggered_action"":null,""avg_rebalance_amount"":85336.33},{""month"":""2024-03"",""triggered_action"":""Add Gold"",""avg_rebalance_amount"":85430.13},{""month"":""2024-03"",""triggered_action"":""Buy Defensive Stocks"",""avg_rebalance_amount"":80981.31},{""month"":""2024-03"",""triggered_action"":""Exit sector positions"",""avg_rebalance_amount"":81277.03},{""month"":""2024-03"",""triggered_action"":""Hedge Currency Risk"",""avg_rebalance_amount"":90012.02},{""month"":""2024-03"",""triggered_action"":""Increase Bonds"",""avg_rebalance_amount"":91575.92},{""month"":""2024-03"",""triggered_action"":""Increase Cash Position"",""avg_rebalance_amount"":93707.38},{""month"":""2024-03"",""triggered_action"":""Increase Equity"",""avg_rebalance_amount"":98189.23},{""month"":""2024-03"",""triggered_action"":""Reduce Equity"",""avg_rebalance_amount"":95442.65},{""month"":""2024-03"",""triggered_action"":""Reduce Gold"",""avg_rebalance_amount"":100061.88},{""month"":""2024-03"",""triggered_action"":""Reduce Long Bonds"",""avg_rebalance_amount"":93731.56},{""month"":""2024-03"",""triggered_action"":""Shift to Debt"",""avg_rebalance_amount"":83782.56},{""month"":""2024-04"",""triggered_action"":null,""avg_rebalance_amount"":95107.66},{""month"":""2024-04"",""triggered_action"":""Add Gold"",""avg_rebalance_amount"":85368.12},{""month"":""2024-04"",""triggered_action"":""Buy Defensive Stocks"",""avg_rebalance_amount"":85315.32},{""month"":""2024-04"",""triggered_action"":""Exit sector positions"",""avg_rebalance_amount"":85300.06},{""month"":""2024-04"",""triggered_action"":""Hedge Currency Risk"",""avg_rebalance_amount"":89936.72},{""month"":""2024-04"",""triggered_action"":""Increase Bonds"",""avg_rebalance_amount"":64370.56},{""month"":""2024-04"",""triggered_action"":""Increase Cash Position"",""avg_rebalance_amount"":91005.61},{""month"":""2024-04"",""triggered_action"":""Increase Equity"",""avg_rebalance_amount"":86466.93},{""month"":""2024-04"",""triggered_action"":""Reduce Equity"",""avg_rebalance_amount"":101621.19},{""month"":""2024-04"",""triggered_action"":""Reduce Gold"",""avg_rebalance_amount"":78824.65},{""month"":""2024-04"",""triggered_action"":""Reduce Long Bonds"",""avg_rebalance_amount"":84818.07},{""month"":""2024-04"",""triggered_action"":""Shift to Debt"",""avg_rebalance_amount"":121834.69},{""month"":""2024-05"",""triggered_action"":null,""avg_rebalance_amount"":98466.26},{""month"":""2024-05"",""triggered_action"":""Add Gold"",""avg_rebalance_amount"":100116.64},{""month"":""2024-05"",""triggered_action"":""Buy Defensive Stocks"",""avg_rebalance_amount"":94404.88},{""month"":""2024-05"",""triggered_action"":""Exit sector positions"",""avg_rebalance_amount"":99970.53},{""month"":""2024-05"",""triggered_action"":""Hedge Currency Risk"",""avg_rebalance_amount"":105543.07},{""month"":""2024-05"",""triggered_action"":""Increase Bonds"",""avg_rebalance_amount"":97854.66},{""month"":""2024-05"",""triggered_action"":""Increase Cash Position"",""avg_rebalance_amount"":95575.05},{""month"":""2024-05"",""triggered_action"":""Increase Equity"",""avg_rebalance_amount"":90901.35},{""month"":""2024-05"",""triggered_action"":""Reduce Equity"",""avg_rebalance_amount"":103416.88},{""month"":""2024-05"",""triggered_action"":""Reduce Gold"",""avg_rebalance_amount"":84535.5},{""month"":""2024-05"",""triggered_action"":""Reduce Long Bonds"",""avg_rebalance_amount"":91288.53},{""month"":""2024-05"",""triggered_action"":""Shift to Debt"",""avg_rebalance_amount"":89059.56},{""month"":""2024-06"",""triggered_action"":null,""avg_rebalance_amount"":102919.2},{""month"":""2024-06"",""triggered_action"":""Add Gold"",""avg_rebalance_amount"":108294.87},{""month"":""2024-06"",""triggered_action"":""Buy Defensive Stocks"",""avg_rebalance_amount"":89228.09},{""month"":""2024-06"",""triggered_action"":""Exit sector positions"",""avg_rebalance_amount"":94737.44},{""month"":""2024-06"",""triggered_action"":""Hedge Currency Risk"",""avg_rebalance_amount"":96283.0},{""month"":""2024-06"",""triggered_action"":""Increase Bonds"",""avg_rebalance_amount"":106076.51},{""month"":""2024-06"",""triggered_action"":""Increase Cash Position"",""avg_rebalance_amount"":97871.32},{""month"":""2024-06"",""triggered_action"":""Increase Equity"",""avg_rebalance_amount"":80598.66},{""month"":""2024-06"",""triggered_action"":""Reduce Equity"",""avg_rebalance_amount"":105189.18},{""month"":""2024-06"",""triggered_action"":""Reduce Gold"",""avg_rebalance_amount"":83335.38},{""month"":""2024-06"",""triggered_action"":""Reduce Long Bonds"",""avg_rebalance_amount"":80069.93},{""month"":""2024-06"",""triggered_action"":""Shift to Debt"",""avg_rebalance_amount"":77735.3},{""month"":""2024-07"",""triggered_action"":null,""avg_rebalance_amount"":90093.04},{""month"":""2024-07"",""triggered_action"":""Add Gold"",""avg_rebalance_amount"":84873.11},{""month"":""2024-07"",""triggered_action"":""Buy Defensive Stocks"",""avg_rebalance_amount"":86697.52},{""month"":""2024-07"",""triggered_action"":""Exit sector positions"",""avg_rebalance_amount"":95288.52},{""month"":""2024-07"",""triggered_action"":""Hedge Currency Risk"",""avg_rebalance_amount"":90021.64},{""month"":""2024-07"",""triggered_action"":""Increase Bonds"",""avg_rebalance_amount"":112176.11},{""month"":""2024-07"",""triggered_action"":""Increase Cash Position"",""avg_rebalance_amount"":72443.36},{""month"":""2024-07"",""triggered_action"":""Increase Equity"",""avg_rebalance_amount"":75954.4},{""month"":""2024-07"",""triggered_action"":""Reduce Equity"",""avg_rebalance_amount"":74089.3},{""month"":""2024-07"",""triggered_action"":""Reduce Gold"",""avg_rebalance_amount"":58240.81},{""month"":""2024-07"",""triggered_action"":""Reduce Long Bonds"",""avg_rebalance_amount"":84418.61},{""month"":""2024-07"",""triggered_action"":""Shift to Debt"",""avg_rebalance_amount"":86141.42},{""month"":""2024-08"",""triggered_action"":null,""avg_rebalance_amount"":105077.39},{""month"":""2024-08"",""triggered_action"":""Add Gold"",""avg_rebalance_amount"":83902.29},{""month"":""2024-08"",""triggered_action"":""Buy Defensive Stocks"",""avg_rebalance_amount"":82033.49},{""month"":""2024-08"",""triggered_action"":""Exit sector positions"",""avg_rebalance_amount"":96842.23},{""month"":""2024-08"",""triggered_action"":""Hedge Currency Risk"",""avg_rebalance_amount"":82205.27},{""month"":""2024-08"",""triggered_action"":""Increase Bonds"",""avg_rebalance_amount"":119068.93},{""month"":""2024-08"",""triggered_action"":""Increase Cash Position"",""avg_rebalance_amount"":101237.57},{""month"":""2024-08"",""triggered_action"":""Increase Equity"",""avg_rebalance_amount"":83794.13},{""month"":""2024-08"",""triggered_action"":""Reduce Equity"",""avg_rebalance_amount"":103109.63},{""month"":""2024-08"",""triggered_action"":""Reduce Gold"",""avg_rebalance_amount"":85979.61},{""month"":""2024-08"",""triggered_action"":""Reduce Long Bonds"",""avg_rebalance_amount"":82992.67},{""month"":""2024-08"",""triggered_action"":""Shift to Debt"",""avg_rebalance_amount"":91947.59},{""month"":""2024-09"",""triggered_action"":null,""avg_rebalance_amount"":90064.56},{""month"":""2024-09"",""triggered_action"":""Add Gold"",""avg_rebalance_amount"":87216.21},{""month"":""2024-09"",""triggered_action"":""Buy Defensive Stocks"",""avg_rebalance_amount"":81042.69},{""month"":""2024-09"",""triggered_action"":""Exit sector positions"",""avg_rebalance_amount"":88817.98},{""month"":""2024-09"",""triggered_action"":""Hedge Currency Risk"",""avg_rebalance_amount"":91608.13},{""month"":""2024-09"",""triggered_action"":""Increase Bonds"",""avg_rebalance_amount"":78565.4},{""month"":""2024-09"",""triggered_action"":""Increase Cash Position"",""avg_rebalance_amount"":97379.69},{""month"":""2024-09"",""triggered_action"":""Increase Equity"",""avg_rebalance_amount"":104656.22},{""month"":""2024-09"",""triggered_action"":""Reduce Equity"",""avg_rebalance_amount"":108964.47},{""month"":""2024-09"",""triggered_action"":""Reduce Gold"",""avg_rebalance_amount"":84537.74},{""month"":""2024-09"",""triggered_action"":""Reduce Long Bonds"",""avg_rebalance_amount"":89555.02},{""month"":""2024-09"",""triggered_action"":""Shift to Debt"",""avg_rebalance_amount"":85884.56},{""month"":""2024-10"",""triggered_action"":null,""avg_rebalance_amount"":83015.46},{""month"":""2024-10"",""triggered_action"":""Add Gold"",""avg_rebalance_amount"":84318.59},{""month"":""2024-10"",""triggered_action"":""Buy Defensive Stocks"",""avg_rebalance_amount"":102087.79},{""month"":""2024-10"",""triggered_action"":""Exit sector positions"",""avg_rebalance_amount"":91638.14},{""month"":""2024-10"",""triggered_action"":""Hedge Currency Risk"",""avg_rebalance_amount"":94420.79},{""month"":""2024-10"",""triggered_action"":""Increase Bonds"",""avg_rebalance_amount"":95515.17},{""month"":""2024-10"",""triggered_action"":""Increase Cash Position"",""avg_rebalance_amount"":102634.76},{""month"":""2024-10"",""triggered_action"":""Increase Equity"",""avg_rebalance_amount"":94768.32},{""month"":""2024-10"",""triggered_action"":""Reduce Equity"",""avg_rebalance_amount"":94833.83},{""month"":""2024-10"",""triggered_action"":""Reduce Gold"",""avg_rebalance_amount"":91367.13},{""month"":""2024-10"",""triggered_action"":""Reduce Long Bonds"",""avg_rebalance_amount"":102035.0},{""month"":""2024-10"",""triggered_action"":""Shift to Debt"",""avg_rebalance_amount"":96970.69},{""month"":""2024-11"",""triggered_action"":null,""avg_rebalance_amount"":94837.37},{""month"":""2024-11"",""triggered_action"":""Add Gold"",""avg_rebalance_amount"":84803.71},{""month"":""2024-11"",""triggered_action"":""Buy Defensive Stocks"",""avg_rebalance_amount"":81737.32},{""month"":""2024-11"",""triggered_action"":""Exit sector positions"",""avg_rebalance_amount"":79742.77},{""month"":""2024-11"",""triggered_action"":""Hedge Currency Risk"",""avg_rebalance_amount"":86694.83},{""month"":""2024-11"",""triggered_action"":""Increase Bonds"",""avg_rebalance_amount"":85179.7},{""month"":""2024-11"",""triggered_action"":""Increase Cash Position"",""avg_rebalance_amount"":95062.98},{""month"":""2024-11"",""triggered_action"":""Increase Equity"",""avg_rebalance_amount"":88316.47},{""month"":""2024-11"",""triggered_action"":""Reduce Equity"",""avg_rebalance_amount"":89291.77},{""month"":""2024-11"",""triggered_action"":""Reduce Gold"",""avg_rebalance_amount"":78605.95},{""month"":""2024-11"",""triggered_action"":""Reduce Long Bonds"",""avg_rebalance_amount"":94219.54},{""month"":""2024-11"",""triggered_action"":""Shift to Debt"",""avg_rebalance_amount"":90427.78},{""month"":""2024-12"",""triggered_action"":null,""avg_rebalance_amount"":88273.13},{""month"":""2024-12"",""triggered_action"":""Add Gold"",""avg_rebalance_amount"":83480.58},{""month"":""2024-12"",""triggered_action"":""Buy Defensive Stocks"",""avg_rebalance_amount"":78214.59},{""month"":""2024-12"",""triggered_action"":""Exit sector positions"",""avg_rebalance_amount"":109399.1},{""month"":""2024-12"",""triggered_action"":""Hedge Currency Risk"",""avg_rebalance_amount"":107846.05},{""month"":""2024-12"",""triggered_action"":""Increase Bonds"",""avg_rebalance_amount"":94382.94},{""month"":""2024-12"",""triggered_action"":""Increase Cash Position"",""avg_rebalance_amount"":99180.45},{""month"":""2024-12"",""triggered_action"":""Increase Equity"",""avg_rebalance_amount"":88073.33},{""month"":""2024-12"",""triggered_action"":""Reduce Equity"",""avg_rebalance_amount"":100608.93},{""month"":""2024-12"",""triggered_action"":""Reduce Gold"",""avg_rebalance_amount"":85683.57},{""month"":""2024-12"",""triggered_action"":""Reduce Long Bonds"",""avg_rebalance_amount"":92784.73},{""month"":""2024-12"",""triggered_action"":""Shift to Debt"",""avg_rebalance_amount"":98763.61},{""month"":""2025-01"",""triggered_action"":null,""avg_rebalance_amount"":118139.86},{""month"":""2025-01"",""triggered_action"":""Add Gold"",""avg_rebalance_amount"":94387.82},{""month"":""2025-01"",""triggered_action"":""Buy Defensive Stocks"",""avg_rebalance_amount"":89968.73},{""month"":""2025-01"",""triggered_action"":""Exit sector positions"",""avg_rebalance_amount"":82556.22},{""month"":""2025-01"",""triggered_action"":""Hedge Currency Risk"",""avg_rebalance_amount"":98789.23},{""month"":""2025-01"",""triggered_action"":""Increase Bonds"",""avg_rebalance_amount"":94919.33},{""month"":""2025-01"",""triggered_action"":""Increase Cash Position"",""avg_rebalance_amount"":86056.65},{""month"":""2025-01"",""triggered_action"":""Increase Equity"",""avg_rebalance_amount"":96301.04},{""month"":""2025-01"",""triggered_action"":""Reduce Equity"",""avg_rebalance_amount"":98826.48},{""month"":""2025-01"",""triggered_action"":""Reduce Gold"",""avg_rebalance_amount"":99951.92},{""month"":""2025-01"",""triggered_action"":""Reduce Long Bonds"",""avg_rebalance_amount"":92661.28},{""month"":""2025-01"",""triggered_action"":""Shift to Debt"",""avg_rebalance_amount"":90801.43},{""month"":""2025-02"",""triggered_action"":null,""avg_rebalance_amount"":86096.55},{""month"":""2025-02"",""triggered_action"":""Add Gold"",""avg_rebalance_amount"":88566.18},{""month"":""2025-02"",""triggered_action"":""Buy Defensive Stocks"",""avg_rebalance_amount"":78045.75},{""month"":""2025-02"",""triggered_action"":""Exit sector positions"",""avg_rebalance_amount"":112821.0},{""month"":""2025-02"",""triggered_action"":""Hedge Currency Risk"",""avg_rebalance_amount"":104638.36},{""month"":""2025-02"",""triggered_action"":""Increase Bonds"",""avg_rebalance_amount"":86932.0},{""month"":""2025-02"",""triggered_action"":""Increase Cash Position"",""avg_rebalance_amount"":106776.09},{""month"":""2025-02"",""triggered_action"":""Increase Equity"",""avg_rebalance_amount"":94425.79},{""month"":""2025-02"",""triggered_action"":""Reduce Equity"",""avg_rebalance_amount"":75571.53},{""month"":""2025-02"",""triggered_action"":""Reduce Gold"",""avg_rebalance_amount"":85466.77},{""month"":""2025-02"",""triggered_action"":""Reduce Long Bonds"",""avg_rebalance_amount"":73409.65},{""month"":""2025-02"",""triggered_action"":""Shift to Debt"",""avg_rebalance_amount"":86789.85},{""month"":""2025-03"",""triggered_action"":null,""avg_rebalance_amount"":123279.75},{""month"":""2025-03"",""triggered_action"":""Add Gold"",""avg_rebalance_amount"":88454.26},{""month"":""2025-03"",""triggered_action"":""Buy Defensive Stocks"",""avg_rebalance_amount"":114131.7},{""month"":""2025-03"",""triggered_action"":""Exit sector positions"",""avg_rebalance_amount"":93027.14},{""month"":""2025-03"",""triggered_action"":""Hedge Currency Risk"",""avg_rebalance_amount"":101241.35},{""month"":""2025-03"",""triggered_action"":""Increase Bonds"",""avg_rebalance_amount"":98093.3},{""month"":""2025-03"",""triggered_action"":""Increase Cash Position"",""avg_rebalance_amount"":101356.12},{""month"":""2025-03"",""triggered_action"":""Increase Equity"",""avg_rebalance_amount"":95932.18},{""month"":""2025-03"",""triggered_action"":""Reduce Equity"",""avg_rebalance_amount"":96738.66},{""month"":""2025-03"",""triggered_action"":""Reduce Gold"",""avg_rebalance_amount"":89137.0},{""month"":""2025-03"",""triggered_action"":""Reduce Long Bonds"",""avg_rebalance_amount"":102558.9},{""month"":""2025-03"",""triggered_action"":""Shift to Debt"",""avg_rebalance_amount"":77781.7},{""month"":""2025-04"",""triggered_action"":null,""avg_rebalance_amount"":119902.46},{""month"":""2025-04"",""triggered_action"":""Add Gold"",""avg_rebalance_amount"":119869.0},{""month"":""2025-04"",""triggered_action"":""Buy Defensive Stocks"",""avg_rebalance_amount"":103580.8},{""month"":""2025-04"",""triggered_action"":""Exit sector positions"",""avg_rebalance_amount"":100821.53},{""month"":""2025-04"",""triggered_action"":""Hedge Currency Risk"",""avg_rebalance_amount"":110809.95},{""month"":""2025-04"",""triggered_action"":""Increase Bonds"",""avg_rebalance_amount"":100695.49},{""month"":""2025-04"",""triggered_action"":""Increase Cash Position"",""avg_rebalance_amount"":83550.11},{""month"":""2025-04"",""triggered_action"":""Increase Equity"",""avg_rebalance_amount"":98347.52},{""month"":""2025-04"",""triggered_action"":""Reduce Equity"",""avg_rebalance_amount"":87482.84},{""month"":""2025-04"",""triggered_action"":""Reduce Gold"",""avg_rebalance_amount"":99289.19},{""month"":""2025-04"",""triggered_action"":""Reduce Long Bonds"",""avg_rebalance_amount"":72914.5},{""month"":""2025-04"",""triggered_action"":""Shift to Debt"",""avg_rebalance_amount"":90088.75},{""month"":""2025-05"",""triggered_action"":null,""avg_rebalance_amount"":96718.59},{""month"":""2025-05"",""triggered_action"":""Add Gold"",""avg_rebalance_amount"":87428.5},{""month"":""2025-05"",""triggered_action"":""Buy Defensive Stocks"",""avg_rebalance_amount"":90191.31},{""month"":""2025-05"",""triggered_action"":""Exit sector positions"",""avg_rebalance_amount"":93147.19},{""month"":""2025-05"",""triggered_action"":""Hedge Currency Risk"",""avg_rebalance_amount"":81791.85},{""month"":""2025-05"",""triggered_action"":""Increase Bonds"",""avg_rebalance_amount"":85167.6},{""month"":""2025-05"",""triggered_action"":""Increase Cash Position"",""avg_rebalance_amount"":90693.84},{""month"":""2025-05"",""triggered_action"":""Increase Equity"",""avg_rebalance_amount"":94742.12},{""month"":""2025-05"",""triggered_action"":""Reduce Equity"",""avg_rebalance_amount"":98729.97},{""month"":""2025-05"",""triggered_action"":""Reduce Gold"",""avg_rebalance_amount"":80637.94},{""month"":""2025-05"",""triggered_action"":""Reduce Long Bonds"",""avg_rebalance_amount"":99244.2},{""month"":""2025-05"",""triggered_action"":""Shift to Debt"",""avg_rebalance_amount"":95553.04},{""month"":""2025-06"",""triggered_action"":null,""avg_rebalance_amount"":80088.79},{""month"":""2025-06"",""triggered_action"":""Add Gold"",""avg_rebalance_amount"":82296.97},{""month"":""2025-06"",""triggered_action"":""Buy Defensive Stocks"",""avg_rebalance_amount"":119326.38},{""month"":""2025-06"",""triggered_action"":""Exit sector positions"",""avg_rebalance_amount"":87247.27},{""month"":""2025-06"",""triggered_action"":""Hedge Currency Risk"",""avg_rebalance_amount"":123240.51},{""month"":""2025-06"",""triggered_action"":""Increase Bonds"",""avg_rebalance_amount"":104535.33},{""month"":""2025-06"",""triggered_action"":""Increase Cash Position"",""avg_rebalance_amount"":96349.04},{""month"":""2025-06"",""triggered_action"":""Increase Equity"",""avg_rebalance_amount"":75265.81},{""month"":""2025-06"",""triggered_action"":""Reduce Equity"",""avg_rebalance_amount"":83910.63},{""month"":""2025-06"",""triggered_action"":""Reduce Gold"",""avg_rebalance_amount"":94812.1},{""month"":""2025-06"",""triggered_action"":""Reduce Long Bonds"",""avg_rebalance_amount"":103220.55},{""month"":""2025-06"",""triggered_action"":""Shift to Debt"",""avg_rebalance_amount"":96185.12},{""month"":""2025-07"",""triggered_action"":null,""avg_rebalance_amount"":87888.89},{""month"":""2025-07"",""triggered_action"":""Add Gold"",""avg_rebalance_amount"":113299.89},{""month"":""2025-07"",""triggered_action"":""Buy Defensive Stocks"",""avg_rebalance_amount"":85515.13},{""month"":""2025-07"",""triggered_action"":""Exit sector positions"",""avg_rebalance_amount"":95176.45},{""month"":""2025-07"",""triggered_action"":""Hedge Currency Risk"",""avg_rebalance_amount"":101720.87},{""month"":""2025-07"",""triggered_action"":""Increase Bonds"",""avg_rebalance_amount"":102971.51},{""month"":""2025-07"",""triggered_action"":""Increase Cash Position"",""avg_rebalance_amount"":94238.21},{""month"":""2025-07"",""triggered_action"":""Increase Equity"",""avg_rebalance_amount"":116836.29},{""month"":""2025-07"",""triggered_action"":""Reduce Equity"",""avg_rebalance_amount"":83082.03},{""month"":""2025-07"",""triggered_action"":""Reduce Gold"",""avg_rebalance_amount"":116222.43},{""month"":""2025-07"",""triggered_action"":""Reduce Long Bonds"",""avg_rebalance_amount"":102783.08},{""month"":""2025-07"",""triggered_action"":""Shift to Debt"",""avg_rebalance_amount"":77986.45},{""month"":""2025-08"",""triggered_action"":null,""avg_rebalance_amount"":118427.59},{""month"":""2025-08"",""triggered_action"":""Add Gold"",""avg_rebalance_amount"":85148.32},{""month"":""2025-08"",""triggered_action"":""Buy Defensive Stocks"",""avg_rebalance_amount"":90322.06},{""month"":""2025-08"",""triggered_action"":""Exit sector positions"",""avg_rebalance_amount"":102817.0},{""month"":""2025-08"",""triggered_action"":""Hedge Currency Risk"",""avg_rebalance_amount"":91664.85},{""month"":""2025-08"",""triggered_action"":""Increase Bonds"",""avg_rebalance_amount"":102064.02},{""month"":""2025-08"",""triggered_action"":""Increase Cash Position"",""avg_rebalance_amount"":92681.4},{""month"":""2025-08"",""triggered_action"":""Increase Equity"",""avg_rebalance_amount"":78104.12},{""month"":""2025-08"",""triggered_action"":""Reduce Equity"",""avg_rebalance_amount"":97864.29},{""month"":""2025-08"",""triggered_action"":""Reduce Gold"",""avg_rebalance_amount"":97974.47},{""month"":""2025-08"",""triggered_action"":""Reduce Long Bonds"",""avg_rebalance_amount"":94218.43},{""month"":""2025-08"",""triggered_action"":""Shift to Debt"",""avg_rebalance_amount"":83795.67},{""month"":""2025-09"",""triggered_action"":null,""avg_rebalance_amount"":96592.16},{""month"":""2025-09"",""triggered_action"":""Add Gold"",""avg_rebalance_amount"":96447.87},{""month"":""2025-09"",""triggered_action"":""Buy Defensive Stocks"",""avg_rebalance_amount"":103255.16},{""month"":""2025-09"",""triggered_action"":""Exit sector positions"",""avg_rebalance_amount"":102895.71},{""month"":""2025-09"",""triggered_action"":""Hedge Currency Risk"",""avg_rebalance_amount"":103213.26},{""month"":""2025-09"",""triggered_action"":""Increase Bonds"",""avg_rebalance_amount"":102376.97},{""month"":""2025-09"",""triggered_action"":""Increase Cash Position"",""avg_rebalance_amount"":89611.34},{""month"":""2025-09"",""triggered_action"":""Increase Equity"",""avg_rebalance_amount"":88568.3},{""month"":""2025-09"",""triggered_action"":""Reduce Equity"",""avg_rebalance_amount"":79531.38},{""month"":""2025-09"",""triggered_action"":""Reduce Gold"",""avg_rebalance_amount"":79046.53},{""month"":""2025-09"",""triggered_action"":""Reduce Long Bonds"",""avg_rebalance_amount"":114130.12},{""month"":""2025-09"",""triggered_action"":""Shift to Debt"",""avg_rebalance_amount"":105989.49},{""month"":""2025-10"",""triggered_action"":null,""avg_rebalance_amount"":88028.0},{""month"":""2025-10"",""triggered_action"":""Add Gold"",""avg_rebalance_amount"":90535.08},{""month"":""2025-10"",""triggered_action"":""Buy Defensive Stocks"",""avg_rebalance_amount"":86204.13},{""month"":""2025-10"",""triggered_action"":""Exit sector positions"",""avg_rebalance_amount"":77113.87},{""month"":""2025-10"",""triggered_action"":""Hedge Currency Risk"",""avg_rebalance_amount"":96405.4},{""month"":""2025-10"",""triggered_action"":""Increase Bonds"",""avg_rebalance_amount"":107574.68},{""month"":""2025-10"",""triggered_action"":""Increase Cash Position"",""avg_rebalance_amount"":83114.2},{""month"":""2025-10"",""triggered_action"":""Increase Equity"",""avg_rebalance_amount"":91383.94},{""month"":""2025-10"",""triggered_action"":""Reduce Equity"",""avg_rebalance_amount"":100011.78},{""month"":""2025-10"",""triggered_action"":""Reduce Gold"",""avg_rebalance_amount"":82705.83},{""month"":""2025-10"",""triggered_action"":""Reduce Long Bonds"",""avg_rebalance_amount"":78532.78},{""month"":""2025-10"",""triggered_action"":""Shift to Debt"",""avg_rebalance_amount"":100396.89},{""month"":""2025-11"",""triggered_action"":null,""avg_rebalance_amount"":109937.6},{""month"":""2025-11"",""triggered_action"":""Add Gold"",""avg_rebalance_amount"":86338.69},{""month"":""2025-11"",""triggered_action"":""Buy Defensive Stocks"",""avg_rebalance_amount"":102371.2},{""month"":""2025-11"",""triggered_action"":""Exit sector positions"",""avg_rebalance_amount"":106013.77},{""month"":""2025-11"",""triggered_action"":""Hedge Currency Risk"",""avg_rebalance_amount"":91949.18},{""month"":""2025-11"",""triggered_action"":""Increase Bonds"",""avg_rebalance_amount"":100705.65},{""month"":""2025-11"",""triggered_action"":""Increase Cash Position"",""avg_rebalance_amount"":89357.33},{""month"":""2025-11"",""triggered_action"":""Increase Equity"",""avg_rebalance_amount"":93706.32},{""month"":""2025-11"",""triggered_action"":""Reduce Equity"",""avg_rebalance_amount"":100425.1},{""month"":""2025-11"",""triggered_action"":""Reduce Gold"",""avg_rebalance_amount"":108050.59},{""month"":""2025-11"",""triggered_action"":""Reduce Long Bonds"",""avg_rebalance_amount"":83598.82},{""month"":""2025-11"",""triggered_action"":""Shift to Debt"",""avg_rebalance_amount"":97028.35},{""month"":""2025-12"",""triggered_action"":null,""avg_rebalance_amount"":79094.85},{""month"":""2025-12"",""triggered_action"":""Add Gold"",""avg_rebalance_amount"":88966.56},{""month"":""2025-12"",""triggered_action"":""Buy Defensive Stocks"",""avg_rebalance_amount"":89507.48},{""month"":""2025-12"",""triggered_action"":""Exit sector positions"",""avg_rebalance_amount"":73545.23},{""month"":""2025-12"",""triggered_action"":""Hedge Currency Risk"",""avg_rebalance_amount"":88538.54},{""month"":""2025-12"",""triggered_action"":""Increase Bonds"",""avg_rebalance_amount"":89968.18},{""month"":""2025-12"",""triggered_action"":""Increase Cash Position"",""avg_rebalance_amount"":78291.27},{""month"":""2025-12"",""triggered_action"":""Increase Equity"",""avg_rebalance_amount"":88648.67},{""month"":""2025-12"",""triggered_action"":""Reduce Equity"",""avg_rebalance_amount"":96302.61},{""month"":""2025-12"",""triggered_action"":""Reduce Gold"",""avg_rebalance_amount"":77831.15},{""month"":""2025-12"",""triggered_action"":""Reduce Long Bonds"",""avg_rebalance_amount"":102337.58},{""month"":""2025-12"",""triggered_action"":""Shift to Debt"",""avg_rebalance_amount"":111840.08},{""month"":""2026-01"",""triggered_action"":null,""avg_rebalance_amount"":107441.95},{""month"":""2026-01"",""triggered_action"":""Add Gold"",""avg_rebalance_amount"":93966.29},{""month"":""2026-01"",""triggered_action"":""Buy Defensive Stocks"",""avg_rebalance_amount"":69803.92},{""month"":""2026-01"",""triggered_action"":""Exit sector positions"",""avg_rebalance_amount"":95570.76},{""month"":""2026-01"",""triggered_action"":""Hedge Currency Risk"",""avg_rebalance_amount"":105684.58},{""month"":""2026-01"",""triggered_action"":""Increase Bonds"",""avg_rebalance_amount"":102807.31},{""month"":""2026-01"",""triggered_action"":""Increase Cash Position"",""avg_rebalance_amount"":93852.8},{""month"":""2026-01"",""triggered_action"":""Increase Equity"",""avg_rebalance_amount"":92028.51},{""month"":""2026-01"",""triggered_action"":""Reduce Equity"",""avg_rebalance_amount"":91703.55},{""month"":""2026-01"",""triggered_action"":""Reduce Gold"",""avg_rebalance_amount"":98064.74},{""month"":""2026-01"",""triggered_action"":""Reduce Long Bonds"",""avg_rebalance_amount"":100368.75},{""month"":""2026-01"",""triggered_action"":""Shift to Debt"",""avg_rebalance_amount"":88195.54},{""month"":""2026-02"",""triggered_action"":null,""avg_rebalance_amount"":84677.27},{""month"":""2026-02"",""triggered_action"":""Add Gold"",""avg_rebalance_amount"":71633.04},{""month"":""2026-02"",""triggered_action"":""Buy Defensive Stocks"",""avg_rebalance_amount"":88949.95},{""month"":""2026-02"",""triggered_action"":""Exit sector positions"",""avg_rebalance_amount"":106474.34},{""month"":""2026-02"",""triggered_action"":""Hedge Currency Risk"",""avg_rebalance_amount"":103096.9},{""month"":""2026-02"",""triggered_action"":""Increase Bonds"",""avg_rebalance_amount"":116196.87},{""month"":""2026-02"",""triggered_action"":""Increase Cash Position"",""avg_rebalance_amount"":99545.45},{""month"":""2026-02"",""triggered_action"":""Increase Equity"",""avg_rebalance_amount"":91083.72},{""month"":""2026-02"",""triggered_action"":""Reduce Equity"",""avg_rebalance_amount"":78576.15},{""month"":""2026-02"",""triggered_action"":""Reduce Gold"",""avg_rebalance_amount"":100561.94},{""month"":""2026-02"",""triggered_action"":""Reduce Long Bonds"",""avg_rebalance_amount"":66616.81},{""month"":""2026-02"",""triggered_action"":""Shift to Debt"",""avg_rebalance_amount"":84579.57},{""month"":""2026-03"",""triggered_action"":null,""avg_rebalance_amount"":94709.43},{""month"":""2026-03"",""triggered_action"":""Add Gold"",""avg_rebalance_amount"":102471.54},{""month"":""2026-03"",""triggered_action"":""Buy Defensive Stocks"",""avg_rebalance_amount"":95288.23},{""month"":""2026-03"",""triggered_action"":""Exit sector positions"",""avg_rebalance_amount"":86858.19},{""month"":""2026-03"",""triggered_action"":""Hedge Currency Risk"",""avg_rebalance_amount"":94119.06},{""month"":""2026-03"",""triggered_action"":""Increase Bonds"",""avg_rebalance_amount"":82986.15},{""month"":""2026-03"",""triggered_action"":""Increase Cash Position"",""avg_rebalance_amount"":91247.5},{""month"":""2026-03"",""triggered_action"":""Increase Equity"",""avg_rebalance_amount"":91187.84},{""month"":""2026-03"",""triggered_action"":""Reduce Equity"",""avg_rebalance_amount"":103217.8},{""month"":""2026-03"",""triggered_action"":""Reduce Gold"",""avg_rebalance_amount"":92461.69},{""month"":""2026-03"",""triggered_action"":""Reduce Long Bonds"",""avg_rebalance_amount"":90983.78},{""month"":""2026-03"",""triggered_action"":""Shift to Debt"",""avg_rebalance_amount"":83815.91},{""month"":""2026-04"",""triggered_action"":null,""avg_rebalance_amount"":88059.4},{""month"":""2026-04"",""triggered_action"":""Add Gold"",""avg_rebalance_amount"":83876.52},{""month"":""2026-04"",""triggered_action"":""Buy Defensive Stocks"",""avg_rebalance_amount"":82733.57},{""month"":""2026-04"",""triggered_action"":""Exit sector positions"",""avg_rebalance_amount"":105716.43},{""month"":""2026-04"",""triggered_action"":""Hedge Currency Risk"",""avg_rebalance_amount"":94214.98},{""month"":""2026-04"",""triggered_action"":""Increase Bonds"",""avg_rebalance_amount"":87552.2},{""month"":""2026-04"",""triggered_action"":""Increase Cash Position"",""avg_rebalance_amount"":96189.62},{""month"":""2026-04"",""triggered_action"":""Increase Equity"",""avg_rebalance_amount"":90699.19},{""month"":""2026-04"",""triggered_action"":""Reduce Equity"",""avg_rebalance_amount"":97914.35},{""month"":""2026-04"",""triggered_action"":""Reduce Gold"",""avg_rebalance_amount"":91785.57},{""month"":""2026-04"",""triggered_action"":""Reduce Long Bonds"",""avg_rebalance_amount"":104514.18},{""month"":""2026-04"",""triggered_action"":""Shift to Debt"",""avg_rebalance_amount"":102321.83}]"
"wealth_management_70_question_benchmark:WM-5T-001","wealth_management_70_question_benchmark.csv","WM-5T-001","Which Aggressive investors have an underfunded goal, a Gold holding, risk score above 60, and sector allocation above 30%?","Scenario and cross-domain analysis","Advanced","Multi-Relational","ATOM_ENTITY_INVESTOR_PROFILE_001; ATOM_ENTITY_INVESTMENT_GOAL_001; ATOM_ENTITY_PORTFOLIO_HOLDING_001; ATOM_ENTITY_PORTFOLIO_HEALTH_001; ATOM_ENTITY_SECTOR_ALLOCATION_001","5","SELECT DISTINCT p.investor_id, p.investor_name FROM ATOM_ENTITY_INVESTOR_PROFILE_001 p JOIN ATOM_ENTITY_INVESTMENT_GOAL_001 g ON g.investor_id = p.investor_id JOIN ATOM_ENTITY_PORTFOLIO_HOLDING_001 o ON o.investor_id = p.investor_id JOIN ATOM_ENTITY_PORTFOLIO_HEALTH_001 h ON h.investor_id = p.investor_id JOIN ATOM_ENTITY_SECTOR_ALLOCATION_001 a ON a.investor_id = p.investor_id WHERE p.risk_tolerance = 'Aggressive' AND g.shortfall > 0 AND o.investment_type = 'Gold' AND h.risk_score > 60 AND a.allocation_pct > 30;","[{""investor_id"":""INV-1033"",""investor_name"":""Arjun Kulkarni""},{""investor_id"":""INV-1075"",""investor_name"":""Amrita Iyer""},{""investor_id"":""INV-1133"",""investor_name"":""Rajesh Chauhan""},{""investor_id"":""INV-130"",""investor_name"":""Abhishek Verma""},{""investor_id"":""INV-1306"",""investor_name"":""Deepak Mehta""},{""investor_id"":""INV-1533"",""investor_name"":""Geeta Joshi""},{""investor_id"":""INV-264"",""investor_name"":""Meena Pandey""},{""investor_id"":""INV-306"",""investor_name"":""Ishita Deshmukh""},{""investor_id"":""INV-370"",""investor_name"":""Aishwarya Rao""},{""investor_id"":""INV-446"",""investor_name"":""Arjun Nair""},{""investor_id"":""INV-906"",""investor_name"":""Dipti Verma""},{""investor_id"":""INV-921"",""investor_name"":""Vikram Sharma""}]"
"wealth_management_scoring_quantitative_65_questions:SQA-4T-005","wealth_management_scoring_quantitative_65_questions.csv","SQA-4T-005","How do average returns_pct, avg_sharpe_ratio, and risk_score compare by profile category?","Risk-return comparison","Advanced","Comparative","ATOM_ENTITY_INVESTOR_PROFILE_001; ATOM_ENTITY_PORTFOLIO_HOLDING_001; ATOM_ENTITY_INVESTMENT_GOAL_001; ATOM_ENTITY_PORTFOLIO_HEALTH_001","4","SELECT p.category, ROUND(AVG(o.returns_pct),2) AS avg_returns_pct, ROUND(AVG(g.avg_sharpe_ratio),2) AS avg_sharpe_ratio, ROUND(AVG(h.risk_score),2) AS avg_risk_score FROM ATOM_ENTITY_INVESTOR_PROFILE_001 p JOIN ATOM_ENTITY_PORTFOLIO_HOLDING_001 o ON o.investor_id=p.investor_id JOIN ATOM_ENTITY_INVESTMENT_GOAL_001 g ON g.investor_id=p.investor_id JOIN ATOM_ENTITY_PORTFOLIO_HEALTH_001 h ON h.investor_id=p.investor_id GROUP BY p.category;","[{""category"":""Hybrid"",""avg_returns_pct"":102.17,""avg_sharpe_ratio"":0.01,""avg_risk_score"":50.23},{""category"":null,""avg_returns_pct"":40.42,""avg_sharpe_ratio"":0.06,""avg_risk_score"":51.49},{""category"":""Real Estate"",""avg_returns_pct"":51.62,""avg_sharpe_ratio"":0.03,""avg_risk_score"":50.97},{""category"":""Equity"",""avg_returns_pct"":60.24,""avg_sharpe_ratio"":-0.05,""avg_risk_score"":51.53},{""category"":""Debt"",""avg_returns_pct"":76.83,""avg_sharpe_ratio"":0.05,""avg_risk_score"":47.47},{""category"":""Gold"",""avg_returns_pct"":79.3,""avg_sharpe_ratio"":0.02,""avg_risk_score"":47.0}]"
