folder,model_id,status,detail
deepseek.v3.1-aman,deepseek.v3.1,OK,OK
deepseek.v3.2-abhinav,deepseek.v3.2,OK,OK
google.gemma-3-4b-it-abhinav,google.gemma-3-4b-it,OK,OK
google.gemma-3-12b-it-aditya,google.gemma-3-12b-it,OK,OK
google.gemma-3-27b-it-aman,google.gemma-3-27b-it,OK,OK
minimax.minimax-m2.5-aman,minimax.minimax-m2.5,OK,
mistral.devstral-2-123b-aditya,mistral.devstral-2-123b,OK,OK
mistral.magistral-small-2509-abhinav,mistral.magistral-small-2509,OK,OK
mistral.ministral-3-14b-instruct-aditya,mistral.ministral-3-14b-instruct,OK,OK
mistral.mistral-large-3-675b-instruct-aman,mistral.mistral-large-3-675b-instruct,OK,OK
mistral.voxtral-mini-3b-2507-aman,mistral.voxtral-mini-3b-2507,OK,OK
mistral.voxtral-small-24b-2507-abhinav,mistral.voxtral-small-24b-2507,OK,OK
moonshotai.kimi-k2.5-aman,moonshotai.kimi-k2.5,OK,OK
moonshotai.kimi-k2-thinking-aditya,moonshotai.kimi-k2-thinking,OK,
nvidia.nemotron-nano-9b-v2-abhinav,nvidia.nemotron-nano-9b-v2,OK,"Okay, the user wants me to reply with ""OK"" only. Let me"
nvidia.nemotron-super-3-120b-aman,nvidia.nemotron-super-3-120b,OK,OK
qwen.qwen3-235b-a22b-2507-aditya,qwen.qwen3-235b-a22b-2507,OK,OK
qwen.qwen3-32b-abhinav,qwen.qwen3-32b,OK,OK
qwen.qwen3-coder-480b-a35b-instruct-aman,qwen.qwen3-coder-480b-a35b-instruct,OK,OK
qwen.qwen3-next-80b-a3b-instruct-abhinav,qwen.qwen3-next-80b-a3b-instruct,OK,OK
qwen.qwen3-vl-235b-a22b-instruct-aman,qwen.qwen3-vl-235b-a22b-instruct,OK,OK
writer.palmyra-vision-7b-aditya,writer.palmyra-vision-7b,OK,OK
zai.glm-4.7-flash-abhinav,zai.glm-4.7-flash,OK,OK
zai.glm-5-aman,zai.glm-5,OK,OK
