base_row,base_type,base_question,match_rank,match_row,match_type,match_score,lexical_score,topic_score,intent_score,match_label,matched_question
2,lookup/filter,What is the investment time horizon set for investor INV-012?,1,2,lookup/filter,0.6695,0.6390,0.5714,1.0000,similar,"Looking at all available records, what is the investment time horizon for investor INV002?"
2,lookup/filter,What is the investment time horizon set for investor INV-012?,2,167,aggregation+lookup/filter,0.6175,0.5349,0.5714,1.0000,similar,"Looking at all available records, what is the total Lump Sum investment amount for investor INV-012?"
2,lookup/filter,What is the investment time horizon set for investor INV-012?,3,168,aggregation+lookup/filter,0.5476,0.4951,0.4286,1.0000,somewhat similar,"Looking at all available records, what is the total Lump Sum investment amount for investor INV-049?"
2,lookup/filter,What is the investment time horizon set for investor INV-012?,4,137,aggregation+lookup/filter,0.5435,0.4869,0.4286,1.0000,somewhat similar,"Looking at all available records, what is the average holding duration in days for investor INV-012?"
2,lookup/filter,What is the investment time horizon set for investor INV-012?,5,89,count+lookup/filter,0.5344,0.4689,0.4286,1.0000,somewhat similar,"Looking at all available records, what is the count of holdings in each category for investor INV-012?"
3,lookup/filter,Show all investors who have a long-term investment horizon of 10 years or more.,1,2,lookup/filter,0.4737,0.3850,0.3750,1.0000,somewhat similar,"Looking at all available records, what is the investment time horizon for investor INV002?"
3,lookup/filter,Show all investors who have a long-term investment horizon of 10 years or more.,2,31,aggregation+lookup/filter,0.4416,0.3287,0.3636,1.0000,related,"Based on portfolio data, calculate the average withdrawal amount for investors who have fully completed (100% progress) any of their investment goals.?"
3,lookup/filter,Show all investors who have a long-term investment horizon of 10 years or more.,3,79,comparison+lookup/filter,0.4269,0.3205,0.3333,1.0000,different,"Considering all investors in the system, which investors have made more than 3 SIP transactions?"
3,lookup/filter,Show all investors who have a long-term investment horizon of 10 years or more.,4,21,comparison+lookup/filter,0.4167,0.3425,0.2727,1.0000,different,"Provide a complete list of all the names of investors who have a 'Retirement Planning' goal with a shortfall greater than 1,000,000.?"
3,lookup/filter,Show all investors who have a long-term investment horizon of 10 years or more.,5,36,comparison+lookup/filter,0.4131,0.2717,0.3636,1.0000,related,Please display the liquidity rating for investors who have allocated more than 40% of their portfolio to the 'Technology' sector.?
4,lookup/filter,List all investors with an aggressive risk appetite.,1,22,aggregation+lookup/filter,0.5879,0.4091,0.6667,1.0000,somewhat similar,"Looking at all available records, what is the total current market value of holdings for investors with an 'Aggressive' risk profile?"
4,lookup/filter,List all investors with an aggressive risk appetite.,2,99,aggregation+lookup/filter,0.5014,0.3528,0.5000,1.0000,somewhat similar,"Looking at all available records, what is the total current market value of all holdings owned by Aggressive risk profile investors?"
4,lookup/filter,List all investors with an aggressive risk appetite.,3,121,aggregation+lookup/filter,0.4937,0.3373,0.5000,1.0000,somewhat similar,"Looking at all available records, what is the average investment goal target amount for Aggressive risk profile investors?"
4,lookup/filter,List all investors with an aggressive risk appetite.,4,28,lookup/filter,0.4803,0.3106,0.5000,1.0000,somewhat similar,Provide a complete list of all the names and risk profiles of investors whose portfolios have a diversification score below 50.?
4,lookup/filter,List all investors with an aggressive risk appetite.,5,34,temporal+lookup/filter,0.4602,0.2704,0.5000,1.0000,somewhat similar,Provide a complete list of all the names of investors for whom the system recommended 'Reduce equity exposure' during an 'Inflation Surge' scenario.?
5,lookup/filter,List all investors with a conservative risk appetite.,1,100,aggregation+lookup/filter,0.5539,0.3878,0.6000,1.0000,somewhat similar,"Looking at all available records, what is the total current portfolio value for all Conservative risk profile investors?"
5,lookup/filter,List all investors with a conservative risk appetite.,2,101,aggregation+lookup/filter,0.5333,0.3466,0.6000,1.0000,somewhat similar,"Looking at all available records, what is the total original cost basis invested by Conservative risk profile investors?"
5,lookup/filter,List all investors with a conservative risk appetite.,3,28,lookup/filter,0.5203,0.3206,0.6000,1.0000,somewhat similar,Provide a complete list of all the names and risk profiles of investors whose portfolios have a diversification score below 50.?
5,lookup/filter,List all investors with a conservative risk appetite.,4,40,lookup/filter,0.5108,0.3017,0.6000,1.0000,somewhat similar,Provide a complete list of all the investor names and their stated risk profiles for those with fewer than 12 months remaining to reach any active goal.?
5,lookup/filter,List all investors with a conservative risk appetite.,5,67,aggregation+lookup/filter,0.4577,0.3354,0.4000,1.0000,somewhat similar,"From the complete wealth management dataset, list all investors with total taxes paid above 500000.?"
6,other,How much progress has investor INV-005 made toward each of their investment goals?,1,48,other,0.4082,0.2831,0.3333,1.0000,different,Please display the breakdown of investment types held by investor INV-010?
6,other,How much progress has investor INV-005 made toward each of their investment goals?,2,4,other,0.3112,0.2524,0.1000,1.0000,different,"From the complete wealth management dataset, display the allocation percentage for investor inv001 in the financial services sector.?"
6,other,How much progress has investor INV-005 made toward each of their investment goals?,3,178,count,0.3098,0.3395,0.4000,0.0000,different,"Across the entire investor database, how many Redemption transactions has investor INV-008 made?"
6,other,How much progress has investor INV-005 made toward each of their investment goals?,4,185,count,0.3038,0.3275,0.4000,0.0000,different,"Across the entire investor database, how many dividend transactions has investor INV-001 made?"
6,other,How much progress has investor INV-005 made toward each of their investment goals?,5,44,count,0.3022,0.3244,0.4000,0.0000,different,"Across the entire investor database, how many holdings of each investment type does investor INV-005 hold?"
7,comparison+lookup/filter,What is the funding gap between the target and current value for each investment goal of investor INV-010?,1,176,ranking/comparison+lookup/filter,0.4740,0.3780,0.6000,0.5000,somewhat similar,"Given all the data available, which investment type has the highest current value in investor INV-010's portfolio?"
7,comparison+lookup/filter,What is the funding gap between the target and current value for each investment goal of investor INV-010?,2,177,aggregation+lookup/filter,0.4592,0.4501,0.4545,0.5000,somewhat similar,"Looking at all available records, what is the total current value of ETF holdings for investor INV-010?"
7,comparison+lookup/filter,What is the funding gap between the target and current value for each investment goal of investor INV-010?,3,95,lookup/filter,0.4390,0.3680,0.3000,1.0000,different,"Looking at all available records, what is the combined current value of all ETF holdings across all investors?"
7,comparison+lookup/filter,What is the funding gap between the target and current value for each investment goal of investor INV-010?,4,64,aggregation+comparison+lookup/filter,0.4353,0.3797,0.2727,1.0000,different,"Looking at all available records, what is the total cost basis vs total current value for all Conservative investors?"
7,comparison+lookup/filter,What is the funding gap between the target and current value for each investment goal of investor INV-010?,5,45,aggregation+comparison+lookup/filter,0.4241,0.3573,0.2727,1.0000,different,"Looking at all available records, what is the total cost vs total current value for Mutual Fund holdings across all investors?"
8,ranking/comparison+lookup/filter,Show all investment goals that are on track with at least 50% of their target achieved.,1,23,lookup/filter,0.4078,0.3601,0.2222,1.0000,different,Please display the overall portfolio health score for all investors who are not on track to meet their 'Child Education' goals.?
8,ranking/comparison+lookup/filter,Show all investment goals that are on track with at least 50% of their target achieved.,2,37,lookup/filter,0.3953,0.2573,0.3333,1.0000,different,"From the complete wealth management dataset, for investor inv001, list all holdings that match their stated preferred investment category and are linked to their 'growth' goals.?"
8,ranking/comparison+lookup/filter,Show all investment goals that are on track with at least 50% of their target achieved.,3,2,lookup/filter,0.3847,0.2944,0.2500,1.0000,different,"Looking at all available records, what is the investment time horizon for investor INV002?"
8,ranking/comparison+lookup/filter,Show all investment goals that are on track with at least 50% of their target achieved.,4,120,aggregation+ranking/comparison+lookup/filter,0.3835,0.2336,0.3333,1.0000,different,"Given all the data available, which risk profile group has the lowest average investment goal target amount?"
8,ranking/comparison+lookup/filter,Show all investment goals that are on track with at least 50% of their target achieved.,5,119,aggregation+ranking/comparison+lookup/filter,0.3829,0.2326,0.3333,1.0000,different,"Given all the data available, which risk profile group has the highest average investment goal target amount?"
9,comparison+lookup/filter,"Show all investment goals that are significantly behind, with less than 30% of their target achieved.",1,37,lookup/filter,0.3861,0.2622,0.3000,1.0000,different,"From the complete wealth management dataset, for investor inv001, list all holdings that match their stated preferred investment category and are linked to their 'growth' goals.?"
9,comparison+lookup/filter,"Show all investment goals that are significantly behind, with less than 30% of their target achieved.",2,139,lookup/filter,0.3521,0.2641,0.2000,1.0000,different,"Looking at all available records, what is the risk profile of the investor with fewer than 12 months remaining to reach any active goal?"
9,comparison+lookup/filter,"Show all investment goals that are significantly behind, with less than 30% of their target achieved.",3,21,comparison+lookup/filter,0.3507,0.2614,0.2000,1.0000,different,"Provide a complete list of all the names of investors who have a 'Retirement Planning' goal with a shortfall greater than 1,000,000.?"
9,comparison+lookup/filter,"Show all investment goals that are significantly behind, with less than 30% of their target achieved.",4,79,comparison+lookup/filter,0.3436,0.3094,0.1111,1.0000,different,"Considering all investors in the system, which investors have made more than 3 SIP transactions?"
9,comparison+lookup/filter,"Show all investment goals that are significantly behind, with less than 30% of their target achieved.",5,40,lookup/filter,0.3422,0.2444,0.2000,1.0000,different,Provide a complete list of all the investor names and their stated risk profiles for those with fewer than 12 months remaining to reach any active goal.?
10,aggregation+lookup/filter,"List all investment goals with above-average volatility, indicating high portfolio risk.",1,19,aggregation,0.4773,0.3046,0.5000,1.0000,somewhat similar,"Based on portfolio data, calculate the average target amount for investment goals, grouped by the investor's risk profile.?"
10,aggregation+lookup/filter,"List all investment goals with above-average volatility, indicating high portfolio risk.",2,10,aggregation+lookup/filter,0.4408,0.3191,0.3750,1.0000,related,"From the complete wealth management dataset, categorize all investment goals by their type and show the average progress for each.?"
10,aggregation+lookup/filter,"List all investment goals with above-average volatility, indicating high portfolio risk.",3,121,aggregation+lookup/filter,0.4274,0.2747,0.4000,1.0000,related,"Looking at all available records, what is the average investment goal target amount for Aggressive risk profile investors?"
10,aggregation+lookup/filter,"List all investment goals with above-average volatility, indicating high portfolio risk.",4,98,aggregation+ranking/comparison+lookup/filter,0.4247,0.3494,0.2857,1.0000,different,"Given all the data available, which investment type generates the lowest average dividend income?"
10,aggregation+lookup/filter,"List all investment goals with above-average volatility, indicating high portfolio risk.",5,150,aggregation+ranking/comparison+lookup/filter,0.4233,0.3466,0.2857,1.0000,different,"Given all the data available, which investment category has the lowest average taxes paid?"
11,count,How many months remain until each investment goal of investor INV-003 is due?,1,44,count,0.4969,0.4604,0.3333,1.0000,somewhat similar,"Across the entire investor database, how many holdings of each investment type does investor INV-005 hold?"
11,count,How many months remain until each investment goal of investor INV-003 is due?,2,138,count,0.4879,0.3646,0.4444,1.0000,somewhat similar,"Across the entire investor database, how many investors have fewer than 12 months remaining to reach any active investment goal?"
11,count,How many months remain until each investment goal of investor INV-003 is due?,3,181,count,0.4727,0.4120,0.3333,1.0000,somewhat similar,"Across the entire investor database, how many distinct investment categories does investor INV-012 hold?"
11,count,How many months remain until each investment goal of investor INV-003 is due?,4,175,count,0.4700,0.4067,0.3333,1.0000,somewhat similar,"Across the entire investor database, how many distinct investment types does investor INV-005 hold?"
11,count,How many months remain until each investment goal of investor INV-003 is due?,5,89,count+lookup/filter,0.4079,0.3603,0.2222,1.0000,different,"Looking at all available records, what is the count of holdings in each category for investor INV-012?"
12,lookup/filter,Show all profitable holdings for investor INV-006.,1,177,aggregation+lookup/filter,0.5750,0.4300,0.6000,1.0000,somewhat similar,"Looking at all available records, what is the total current value of ETF holdings for investor INV-010?"
12,lookup/filter,Show all profitable holdings for investor INV-006.,2,89,count+lookup/filter,0.5718,0.4236,0.6000,1.0000,somewhat similar,"Looking at all available records, what is the count of holdings in each category for investor INV-012?"
12,lookup/filter,Show all profitable holdings for investor INV-006.,3,54,aggregation+lookup/filter,0.5641,0.4083,0.6000,1.0000,somewhat similar,"Looking at all available records, what is the total dividend income for investor INV-003 from all holdings?"
12,lookup/filter,Show all profitable holdings for investor INV-006.,4,93,aggregation+lookup/filter,0.5541,0.3883,0.6000,1.0000,somewhat similar,"Looking at all available records, what is the total dividend income for investor INV-003 across all their holdings?"
12,lookup/filter,Show all profitable holdings for investor INV-006.,5,187,temporal+lookup/filter,0.5277,0.3353,0.6000,1.0000,somewhat similar,"Looking at all available records, what is the earliest purchase date among investor INV-015's holdings?"
13,lookup/filter,List all loss-making holdings for investor INV-015.,1,78,temporal+lookup/filter,0.5985,0.3969,0.7143,1.0000,somewhat similar,"From the complete wealth management dataset, list all holdings for investor inv-015 sorted by purchase date oldest to newest.?"
13,lookup/filter,List all loss-making holdings for investor INV-015.,2,89,count+lookup/filter,0.5304,0.4609,0.4286,1.0000,somewhat similar,"Looking at all available records, what is the count of holdings in each category for investor INV-012?"
13,lookup/filter,List all loss-making holdings for investor INV-015.,3,187,temporal+lookup/filter,0.5294,0.3588,0.5714,1.0000,somewhat similar,"Looking at all available records, what is the earliest purchase date among investor INV-015's holdings?"
13,lookup/filter,List all loss-making holdings for investor INV-015.,4,177,aggregation+lookup/filter,0.5292,0.4584,0.4286,1.0000,somewhat similar,"Looking at all available records, what is the total current value of ETF holdings for investor INV-010?"
13,lookup/filter,List all loss-making holdings for investor INV-015.,5,54,aggregation+lookup/filter,0.4884,0.3769,0.4286,1.0000,somewhat similar,"Looking at all available records, what is the total dividend income for investor INV-003 from all holdings?"
14,other,When was each holding originally acquired by investor INV-009?,1,48,other,0.4010,0.3269,0.2500,1.0000,different,Please display the breakdown of investment types held by investor INV-010?
14,other,When was each holding originally acquired by investor INV-009?,2,4,other,0.3062,0.2250,0.1250,1.0000,different,"From the complete wealth management dataset, display the allocation percentage for investor inv001 in the financial services sector.?"
14,other,When was each holding originally acquired by investor INV-009?,3,66,ranking/comparison+lookup/filter,0.2972,0.3318,0.3750,0.0000,different,"Given all the data available, which holding has the highest taxes paid for investor INV-007?"
14,other,When was each holding originally acquired by investor INV-009?,4,137,aggregation+lookup/filter,0.2880,0.3136,0.3750,0.0000,different,"Looking at all available records, what is the average holding duration in days for investor INV-012?"
14,other,When was each holding originally acquired by investor INV-009?,5,44,count,0.2640,0.3529,0.2500,0.0000,different,"Across the entire investor database, how many holdings of each investment type does investor INV-005 hold?"
15,other,How well does the portfolio of investor INV-022 align with their investment goals?,1,48,other,0.4265,0.3197,0.3333,1.0000,different,Please display the breakdown of investment types held by investor INV-010?
15,other,How well does the portfolio of investor INV-022 align with their investment goals?,2,31,aggregation+lookup/filter,0.3459,0.3806,0.4444,0.0000,different,"Based on portfolio data, calculate the average withdrawal amount for investors who have fully completed (100% progress) any of their investment goals.?"
15,other,How well does the portfolio of investor INV-022 align with their investment goals?,3,44,count,0.3248,0.3384,0.4444,0.0000,different,"Across the entire investor database, how many holdings of each investment type does investor INV-005 hold?"
15,other,How well does the portfolio of investor INV-022 align with their investment goals?,4,181,count,0.3205,0.3299,0.4444,0.0000,different,"Across the entire investor database, how many distinct investment categories does investor INV-012 hold?"
15,other,How well does the portfolio of investor INV-022 align with their investment goals?,5,4,other,0.3154,0.2530,0.1111,1.0000,different,"From the complete wealth management dataset, display the allocation percentage for investor inv001 in the financial services sector.?"
16,comparison+lookup/filter,"List all sectors where investors are underweight, with less than 5% of their portfolio allocated.",1,36,comparison+lookup/filter,0.5168,0.3837,0.5000,1.0000,somewhat similar,Please display the liquidity rating for investors who have allocated more than 40% of their portfolio to the 'Technology' sector.?
16,comparison+lookup/filter,"List all sectors where investors are underweight, with less than 5% of their portfolio allocated.",2,134,count+comparison,0.4530,0.4059,0.5000,0.5000,somewhat similar,"Across the entire investor database, how many investors have more than 40% of their portfolio allocated to the Technology sector?"
16,comparison+lookup/filter,"List all sectors where investors are underweight, with less than 5% of their portfolio allocated.",3,21,comparison+lookup/filter,0.4515,0.3406,0.3750,1.0000,somewhat similar,"Provide a complete list of all the names of investors who have a 'Retirement Planning' goal with a shortfall greater than 1,000,000.?"
16,comparison+lookup/filter,"List all sectors where investors are underweight, with less than 5% of their portfolio allocated.",4,28,lookup/filter,0.4257,0.2889,0.3750,1.0000,related,Provide a complete list of all the names and risk profiles of investors whose portfolios have a diversification score below 50.?
16,comparison+lookup/filter,"List all sectors where investors are underweight, with less than 5% of their portfolio allocated.",5,40,lookup/filter,0.4112,0.2600,0.3750,1.0000,related,Provide a complete list of all the investor names and their stated risk profiles for those with fewer than 12 months remaining to reach any active goal.?
17,aggregation+lookup/filter,"Show all money inflows — deposits, SIPs, and lump-sum contributions — for investor INV-004.",1,168,aggregation+lookup/filter,0.5070,0.4340,0.4000,1.0000,somewhat similar,"Looking at all available records, what is the total Lump Sum investment amount for investor INV-049?"
17,aggregation+lookup/filter,"Show all money inflows — deposits, SIPs, and lump-sum contributions — for investor INV-004.",2,167,aggregation+lookup/filter,0.5034,0.4269,0.4000,1.0000,somewhat similar,"Looking at all available records, what is the total Lump Sum investment amount for investor INV-012?"
17,aggregation+lookup/filter,"Show all money inflows — deposits, SIPs, and lump-sum contributions — for investor INV-004.",3,87,aggregation+lookup/filter,0.4436,0.3072,0.4000,1.0000,related,"Considering all investors in the system, which investors have made Lump Sum investments but no SIP contributions?"
17,aggregation+lookup/filter,"Show all money inflows — deposits, SIPs, and lump-sum contributions — for investor INV-004.",4,83,aggregation,0.4095,0.3089,0.3000,1.0000,different,Please display total Lump Sum investments made per investor across all time.?
17,aggregation+lookup/filter,"Show all money inflows — deposits, SIPs, and lump-sum contributions — for investor INV-004.",5,165,aggregation+ranking/comparison+lookup/filter,0.4088,0.3076,0.3000,1.0000,different,"Considering all investors in the system, which investor has the lowest total Lump Sum investment amount?"
18,lookup/filter,List all transactions of type 'SIP' for investor INV-008.,1,179,aggregation+lookup/filter,0.5789,0.4577,0.5714,1.0000,somewhat similar,"Looking at all available records, what is the total amount of Redemption transactions for investor INV-008?"
18,lookup/filter,List all transactions of type 'SIP' for investor INV-008.,2,84,lookup/filter,0.5370,0.3740,0.5714,1.0000,somewhat similar,"From the complete wealth management dataset, list all redemption events for investor inv-008 with dates and amounts.?"
18,lookup/filter,List all transactions of type 'SIP' for investor INV-008.,3,176,ranking/comparison+lookup/filter,0.4780,0.3559,0.4286,1.0000,somewhat similar,"Given all the data available, which investment type has the highest current value in investor INV-010's portfolio?"
18,lookup/filter,List all transactions of type 'SIP' for investor INV-008.,4,5,lookup/filter,0.4671,0.4343,0.2857,1.0000,somewhat similar,Provide a complete list of all the preferred sector focus for the investor INV003.?
18,lookup/filter,List all transactions of type 'SIP' for investor INV-008.,5,177,aggregation+lookup/filter,0.4474,0.3948,0.2857,1.0000,different,"Looking at all available records, what is the total current value of ETF holdings for investor INV-010?"
19,lookup/filter,Show all rebalancing actions where investor INV-013 is overweight in any asset relative to its target allocation.,1,29,lookup/filter,0.3936,0.2540,0.3333,1.0000,different,"Please display the names of investors and the reasoning behind any 'Buy' rebalancing actions where the amount exceeds 100,000.?"
19,lookup/filter,Show all rebalancing actions where investor INV-013 is overweight in any asset relative to its target allocation.,2,33,lookup/filter,0.3867,0.2401,0.3333,1.0000,different,Please display how much each sector's current allocation deviates from its target for sectors where the investor has an active 'Sell' recommendation.?
19,lookup/filter,Show all rebalancing actions where investor INV-013 is overweight in any asset relative to its target allocation.,3,143,aggregation+lookup/filter,0.3828,0.2906,0.2500,1.0000,different,"Looking at all available records, what is the total amount recommended for Buy rebalancing actions for investors with Growth goals?"
19,lookup/filter,Show all rebalancing actions where investor INV-013 is overweight in any asset relative to its target allocation.,4,172,ranking/comparison+lookup/filter,0.3679,0.2609,0.2500,1.0000,different,"From the complete wealth management dataset, what sector has the highest allocation percentage in investor inv-001's actual portfolio?"
19,lookup/filter,Show all rebalancing actions where investor INV-013 is overweight in any asset relative to its target allocation.,5,66,ranking/comparison+lookup/filter,0.3676,0.2602,0.2500,1.0000,different,"Given all the data available, which holding has the highest taxes paid for investor INV-007?"
20,count,How many portfolio rebalancing events has each market scenario triggered?,1,124,count,0.6360,0.4721,0.7143,1.0000,similar,"Across the entire investor database, how many rebalancing events were triggered by the Bull Market scenario?"
20,count,How many portfolio rebalancing events has each market scenario triggered?,2,125,count,0.6129,0.4258,0.7143,1.0000,similar,"Across the entire investor database, how many rebalancing events were triggered by the Market Volatility scenario?"
20,count,How many portfolio rebalancing events has each market scenario triggered?,3,20,count,0.5893,0.4787,0.5714,1.0000,somewhat similar,Please display a count of rebalancing events for each unique market scenario recorded in the system.?
20,count,How many portfolio rebalancing events has each market scenario triggered?,4,122,ranking/comparison+lookup/filter,0.4286,0.3572,0.7143,0.0000,different,"Given all the data available, which market scenario triggered the most scenario-based rebalancing events?"
20,count,How many portfolio rebalancing events has each market scenario triggered?,5,123,lookup/filter,0.4271,0.3543,0.7143,0.0000,different,"Given all the data available, which market scenario triggered the fewest scenario-based rebalancing events?"
21,lookup/filter,Which investment goal offers the best risk-adjusted return across all investors?,1,121,aggregation+lookup/filter,0.4996,0.3880,0.4444,1.0000,somewhat similar,"Looking at all available records, what is the average investment goal target amount for Aggressive risk profile investors?"
21,lookup/filter,Which investment goal offers the best risk-adjusted return across all investors?,2,155,ranking/comparison+lookup/filter,0.4656,0.4312,0.2857,1.0000,somewhat similar,"Given all the data available, which holding has the highest dividend amount across all investors?"
21,lookup/filter,Which investment goal offers the best risk-adjusted return across all investors?,3,135,aggregation+lookup/filter,0.4428,0.4300,0.2222,1.0000,different,"Considering all investors in the system, which investor has the longest average holding duration across all investors?"
21,lookup/filter,Which investment goal offers the best risk-adjusted return across all investors?,4,146,aggregation+ranking/comparison+lookup/filter,0.4423,0.3846,0.2857,1.0000,different,"Given all the data available, which sector earned the lowest total dividends across all investors?"
21,lookup/filter,Which investment goal offers the best risk-adjusted return across all investors?,5,136,aggregation+lookup/filter,0.4419,0.4282,0.2222,1.0000,different,"Considering all investors in the system, which investor has the shortest average holding duration across all investors?"
22,lookup/filter,Which investor has the largest combined funding gap across all their investment goals?,1,155,ranking/comparison+lookup/filter,0.5150,0.4300,0.4286,1.0000,somewhat similar,"Given all the data available, which holding has the highest dividend amount across all investors?"
22,lookup/filter,Which investor has the largest combined funding gap across all their investment goals?,2,135,aggregation+lookup/filter,0.4978,0.4622,0.3333,1.0000,somewhat similar,"Considering all investors in the system, which investor has the longest average holding duration across all investors?"
22,lookup/filter,Which investor has the largest combined funding gap across all their investment goals?,3,136,aggregation+lookup/filter,0.4936,0.4540,0.3333,1.0000,somewhat similar,"Considering all investors in the system, which investor has the shortest average holding duration across all investors?"
22,lookup/filter,Which investor has the largest combined funding gap across all their investment goals?,4,148,aggregation+ranking/comparison+lookup/filter,0.4917,0.4209,0.3750,1.0000,somewhat similar,"Given all the data available, which sector has the lowest total taxes paid across all investors?"
22,lookup/filter,Which investor has the largest combined funding gap across all their investment goals?,5,147,aggregation+ranking/comparison+lookup/filter,0.4907,0.4190,0.3750,1.0000,somewhat similar,"Given all the data available, which sector has the highest total taxes paid across all investors?"
23,lookup/filter,Which investment goal has the best risk-adjusted performance in the database?,1,6,lookup/filter,0.5656,0.3938,0.6250,1.0000,somewhat similar,"Looking at all available records, what is the risk-adjusted performance ratio for investment goal G003?"
23,lookup/filter,Which investment goal has the best risk-adjusted performance in the database?,2,120,aggregation+ranking/comparison+lookup/filter,0.4786,0.3071,0.5000,1.0000,somewhat similar,"Given all the data available, which risk profile group has the lowest average investment goal target amount?"
23,lookup/filter,Which investment goal has the best risk-adjusted performance in the database?,3,119,aggregation+ranking/comparison+lookup/filter,0.4780,0.3060,0.5000,1.0000,somewhat similar,"Given all the data available, which risk profile group has the highest average investment goal target amount?"
23,lookup/filter,Which investment goal has the best risk-adjusted performance in the database?,4,121,aggregation+lookup/filter,0.4485,0.3346,0.3750,1.0000,related,"Looking at all available records, what is the average investment goal target amount for Aggressive risk profile investors?"
23,lookup/filter,Which investment goal has the best risk-adjusted performance in the database?,5,150,aggregation+ranking/comparison+lookup/filter,0.4396,0.3791,0.2857,1.0000,different,"Given all the data available, which investment category has the lowest average taxes paid?"
24,ranking/comparison+lookup/filter,Which single holding has delivered the highest return across the entire database?,1,155,ranking/comparison+lookup/filter,0.5680,0.4361,0.5714,1.0000,somewhat similar,"Given all the data available, which holding has the highest dividend amount across all investors?"
24,ranking/comparison+lookup/filter,Which single holding has delivered the highest return across the entire database?,2,147,aggregation+ranking/comparison+lookup/filter,0.4661,0.3698,0.3750,1.0000,somewhat similar,"Given all the data available, which sector has the highest total taxes paid across all investors?"
24,ranking/comparison+lookup/filter,Which single holding has delivered the highest return across the entire database?,3,66,ranking/comparison+lookup/filter,0.4644,0.3663,0.3750,1.0000,somewhat similar,"Given all the data available, which holding has the highest taxes paid for investor INV-007?"
24,ranking/comparison+lookup/filter,Which single holding has delivered the highest return across the entire database?,4,61,aggregation+ranking/comparison+lookup/filter,0.4543,0.3753,0.3333,1.0000,somewhat similar,"Considering all investors in the system, which investor has paid the highest total taxes across all holdings?"
24,ranking/comparison+lookup/filter,Which single holding has delivered the highest return across the entire database?,5,104,aggregation+ranking/comparison+lookup/filter,0.4513,0.3692,0.3333,1.0000,somewhat similar,"Given all the data available, which portfolio segment has the highest total invested amount across all investors?"
25,aggregation+lookup/filter,Which investor has the largest total portfolio value?,1,43,aggregation+ranking/comparison+lookup/filter,0.6170,0.4674,0.6667,1.0000,similar,"Given all the data available, which investment type has the highest total current value in the portfolio?"
25,aggregation+lookup/filter,Which investor has the largest total portfolio value?,2,106,aggregation+ranking/comparison+lookup/filter,0.5949,0.5397,0.5000,1.0000,somewhat similar,"Given all the data available, which investment category holds the lowest total portfolio value?"
25,aggregation+lookup/filter,Which investor has the largest total portfolio value?,3,105,aggregation+ranking/comparison+lookup/filter,0.5934,0.5368,0.5000,1.0000,somewhat similar,"Given all the data available, which investment category holds the highest total portfolio value?"
25,aggregation+lookup/filter,Which investor has the largest total portfolio value?,4,96,aggregation+ranking/comparison+lookup/filter,0.5758,0.5016,0.5000,1.0000,somewhat similar,"Given all the data available, which investment type holds the highest total current portfolio value?"
25,aggregation+lookup/filter,Which investor has the largest total portfolio value?,5,192,aggregation+ranking/comparison+lookup/filter,0.5573,0.4645,0.5000,1.0000,somewhat similar,"Considering all investors in the system, which investor holds the lowest total Gold investment value?"
26,lookup/filter,Which investor has the healthiest overall portfolio based on a composite score?,1,171,ranking/comparison+lookup/filter,0.5009,0.3518,0.5000,1.0000,somewhat similar,"Considering all investors in the system, which investor has the highest portfolio health score among those not meeting their Child Education goals?"
26,lookup/filter,Which investor has the healthiest overall portfolio based on a composite score?,2,170,ranking/comparison+lookup/filter,0.4986,0.3471,0.5000,1.0000,somewhat similar,"Considering all investors in the system, which investor has the lowest portfolio health score among those not meeting their Child Education goals?"
26,lookup/filter,Which investor has the healthiest overall portfolio based on a composite score?,3,23,lookup/filter,0.4657,0.2813,0.5000,1.0000,somewhat similar,Please display the overall portfolio health score for all investors who are not on track to meet their 'Child Education' goals.?
26,lookup/filter,Which investor has the healthiest overall portfolio based on a composite score?,4,176,ranking/comparison+lookup/filter,0.4531,0.3437,0.3750,1.0000,somewhat similar,"Given all the data available, which investment type has the highest current value in investor INV-010's portfolio?"
26,lookup/filter,Which investor has the healthiest overall portfolio based on a composite score?,5,136,aggregation+lookup/filter,0.4360,0.3970,0.2500,1.0000,different,"Considering all investors in the system, which investor has the shortest average holding duration across all investors?"
27,ranking/comparison+lookup/filter,Which investor has the most illiquid portfolio?,1,176,ranking/comparison+lookup/filter,0.5560,0.3919,0.6000,1.0000,somewhat similar,"Given all the data available, which investment type has the highest current value in investor INV-010's portfolio?"
27,ranking/comparison+lookup/filter,Which investor has the most illiquid portfolio?,2,170,ranking/comparison+lookup/filter,0.5212,0.3224,0.6000,1.0000,somewhat similar,"Considering all investors in the system, which investor has the lowest portfolio health score among those not meeting their Child Education goals?"
27,ranking/comparison+lookup/filter,Which investor has the most illiquid portfolio?,3,171,ranking/comparison+lookup/filter,0.5172,0.3143,0.6000,1.0000,somewhat similar,"Considering all investors in the system, which investor has the highest portfolio health score among those not meeting their Child Education goals?"
27,ranking/comparison+lookup/filter,Which investor has the most illiquid portfolio?,4,172,ranking/comparison+lookup/filter,0.5087,0.2973,0.6000,1.0000,somewhat similar,"From the complete wealth management dataset, what sector has the highest allocation percentage in investor inv-001's actual portfolio?"
27,ranking/comparison+lookup/filter,Which investor has the most illiquid portfolio?,5,195,aggregation+ranking/comparison+lookup/filter,0.4856,0.3911,0.4000,1.0000,somewhat similar,"Considering all investors in the system, which investor has the highest total deposit amount?"
28,ranking/comparison+lookup/filter,Who are the top 5 investors whose portfolios best align with their investment goals?,1,23,lookup/filter,0.4893,0.3676,0.4444,1.0000,somewhat similar,Please display the overall portfolio health score for all investors who are not on track to meet their 'Child Education' goals.?
28,ranking/comparison+lookup/filter,Who are the top 5 investors whose portfolios best align with their investment goals?,2,31,aggregation+lookup/filter,0.4669,0.3950,0.5556,0.5000,somewhat similar,"Based on portfolio data, calculate the average withdrawal amount for investors who have fully completed (100% progress) any of their investment goals.?"
28,ranking/comparison+lookup/filter,Who are the top 5 investors whose portfolios best align with their investment goals?,3,170,ranking/comparison+lookup/filter,0.4353,0.3372,0.3333,1.0000,different,"Considering all investors in the system, which investor has the lowest portfolio health score among those not meeting their Child Education goals?"
28,ranking/comparison+lookup/filter,Who are the top 5 investors whose portfolios best align with their investment goals?,4,171,ranking/comparison+lookup/filter,0.4346,0.3360,0.3333,1.0000,different,"Considering all investors in the system, which investor has the highest portfolio health score among those not meeting their Child Education goals?"
28,ranking/comparison+lookup/filter,Who are the top 5 investors whose portfolios best align with their investment goals?,5,37,lookup/filter,0.4300,0.3268,0.3333,1.0000,different,"From the complete wealth management dataset, for investor inv001, list all holdings that match their stated preferred investment category and are linked to their 'growth' goals.?"
29,ranking/comparison+lookup/filter,"Which investor has the most concentrated portfolio, with the highest proportion in a single sector?",1,128,ranking/comparison+lookup/filter,0.5076,0.4042,0.4444,1.0000,somewhat similar,"Given all the data available, which Moderate risk investor has the highest investment in the Financial Services sector?"
29,ranking/comparison+lookup/filter,"Which investor has the most concentrated portfolio, with the highest proportion in a single sector?",2,172,ranking/comparison+lookup/filter,0.5023,0.3156,0.5556,1.0000,somewhat similar,"From the complete wealth management dataset, what sector has the highest allocation percentage in investor inv-001's actual portfolio?"
29,ranking/comparison+lookup/filter,"Which investor has the most concentrated portfolio, with the highest proportion in a single sector?",3,171,ranking/comparison+lookup/filter,0.4917,0.3722,0.4444,1.0000,somewhat similar,"Considering all investors in the system, which investor has the highest portfolio health score among those not meeting their Child Education goals?"
29,ranking/comparison+lookup/filter,"Which investor has the most concentrated portfolio, with the highest proportion in a single sector?",4,104,aggregation+ranking/comparison+lookup/filter,0.4889,0.3667,0.4444,1.0000,somewhat similar,"Given all the data available, which portfolio segment has the highest total invested amount across all investors?"
29,ranking/comparison+lookup/filter,"Which investor has the most concentrated portfolio, with the highest proportion in a single sector?",5,147,aggregation+ranking/comparison+lookup/filter,0.4883,0.3266,0.5000,1.0000,somewhat similar,"Given all the data available, which sector has the highest total taxes paid across all investors?"
30,aggregation+ranking/comparison+lookup/filter,Which sector attracts the highest total investment across all investors?,1,145,aggregation+ranking/comparison+lookup/filter,0.7216,0.6432,0.7143,1.0000,similar,"Given all the data available, which sector earned the highest total dividends across all investors?"
30,aggregation+ranking/comparison+lookup/filter,Which sector attracts the highest total investment across all investors?,2,147,aggregation+ranking/comparison+lookup/filter,0.7107,0.6214,0.7143,1.0000,similar,"Given all the data available, which sector has the highest total taxes paid across all investors?"
30,aggregation+ranking/comparison+lookup/filter,Which sector attracts the highest total investment across all investors?,3,146,aggregation+ranking/comparison+lookup/filter,0.6406,0.5813,0.5714,1.0000,similar,"Given all the data available, which sector earned the lowest total dividends across all investors?"
30,aggregation+ranking/comparison+lookup/filter,Which sector attracts the highest total investment across all investors?,4,104,aggregation+ranking/comparison+lookup/filter,0.6359,0.5718,0.5714,1.0000,similar,"Given all the data available, which portfolio segment has the highest total invested amount across all investors?"
30,aggregation+ranking/comparison+lookup/filter,Which sector attracts the highest total investment across all investors?,5,148,aggregation+ranking/comparison+lookup/filter,0.6308,0.5617,0.5714,1.0000,similar,"Given all the data available, which sector has the lowest total taxes paid across all investors?"
31,lookup/filter,Which investor has made the single largest transaction — whether a deposit or withdrawal?,1,195,aggregation+ranking/comparison+lookup/filter,0.4772,0.3918,0.3750,1.0000,somewhat similar,"Considering all investors in the system, which investor has the highest total deposit amount?"
31,lookup/filter,Which investor has made the single largest transaction — whether a deposit or withdrawal?,2,115,lookup/filter,0.4275,0.3450,0.3000,1.0000,different,"Looking at all available records, what is the amount of the single largest cash flow transaction in the entire database?"
31,lookup/filter,Which investor has made the single largest transaction — whether a deposit or withdrawal?,3,182,aggregation+ranking/comparison+lookup/filter,0.4162,0.3224,0.3000,1.0000,different,"Considering all investors in the system, which investor has the highest average dividend cash flow amount per transaction?"
31,lookup/filter,Which investor has made the single largest transaction — whether a deposit or withdrawal?,4,135,aggregation+lookup/filter,0.4095,0.3633,0.2222,1.0000,different,"Considering all investors in the system, which investor has the longest average holding duration across all investors?"
31,lookup/filter,Which investor has made the single largest transaction — whether a deposit or withdrawal?,5,136,aggregation+lookup/filter,0.4087,0.3619,0.2222,1.0000,different,"Considering all investors in the system, which investor has the shortest average holding duration across all investors?"
32,comparison+lookup/filter,Which rebalancing action had the largest gap between actual and target allocation in the database?,1,85,lookup/filter,0.4092,0.3785,0.2000,1.0000,different,"Looking at all available records, what is the largest single cash flow transaction (any type) in the database?"
32,comparison+lookup/filter,Which rebalancing action had the largest gap between actual and target allocation in the database?,2,115,lookup/filter,0.3962,0.3523,0.2000,1.0000,different,"Looking at all available records, what is the amount of the single largest cash flow transaction in the entire database?"
32,comparison+lookup/filter,Which rebalancing action had the largest gap between actual and target allocation in the database?,3,33,lookup/filter,0.3130,0.1860,0.2000,1.0000,different,Please display how much each sector's current allocation deviates from its target for sectors where the investor has an active 'Sell' recommendation.?
32,comparison+lookup/filter,Which rebalancing action had the largest gap between actual and target allocation in the database?,4,39,comparison,0.3114,0.1128,0.3000,1.0000,different,"From the complete wealth management dataset, compare the proposed new allocation percentage from the 'sector rotation' scenario to the target allocation percentage in the standard rebalancing plan for the same investors.?"
32,comparison+lookup/filter,Which rebalancing action had the largest gap between actual and target allocation in the database?,5,29,lookup/filter,0.3095,0.2489,0.1000,1.0000,different,"Please display the names of investors and the reasoning behind any 'Buy' rebalancing actions where the amount exceeds 100,000.?"
33,lookup/filter,Which scenario-driven rebalancing event caused the biggest shift in portfolio allocation?,1,122,ranking/comparison+lookup/filter,0.4127,0.3253,0.2857,1.0000,different,"Given all the data available, which market scenario triggered the most scenario-based rebalancing events?"
33,lookup/filter,Which scenario-driven rebalancing event caused the biggest shift in portfolio allocation?,2,123,lookup/filter,0.4113,0.3226,0.2857,1.0000,different,"Given all the data available, which market scenario triggered the fewest scenario-based rebalancing events?"
33,lookup/filter,Which scenario-driven rebalancing event caused the biggest shift in portfolio allocation?,3,14,aggregation+lookup/filter,0.4038,0.2742,0.3333,1.0000,different,"From the complete wealth management dataset, list all scenario-based rebalancing events grouped by whether the allocation was increased or decreased, and show the average revised allocation percentage.?"
33,lookup/filter,Which scenario-driven rebalancing event caused the biggest shift in portfolio allocation?,4,198,aggregation+lookup/filter,0.3967,0.2601,0.3333,1.0000,different,"Looking at all available records, what is the average new allocation percentage for No Change scenario rebalancing events?"
33,lookup/filter,Which scenario-driven rebalancing event caused the biggest shift in portfolio allocation?,5,160,aggregation+lookup/filter,0.3884,0.2435,0.3333,1.0000,different,"Looking at all available records, what is the average new allocation percentage for Increase scenario rebalancing changes?"
34,aggregation+comparison,"How does the average investment time horizon differ between conservative, moderate, and aggressive investors?",1,8,aggregation,0.4633,0.3466,0.4000,1.0000,somewhat similar,Please display the average time horizon for investors grouped by their risk tolerance level.?
34,aggregation+comparison,"How does the average investment time horizon differ between conservative, moderate, and aggressive investors?",2,19,aggregation,0.3907,0.2904,0.2727,1.0000,different,"Based on portfolio data, calculate the average target amount for investment goals, grouped by the investor's risk profile.?"
34,aggregation+comparison,"How does the average investment time horizon differ between conservative, moderate, and aggressive investors?",3,121,aggregation+lookup/filter,0.3871,0.3697,0.3636,0.5000,related,"Looking at all available records, what is the average investment goal target amount for Aggressive risk profile investors?"
34,aggregation+comparison,"How does the average investment time horizon differ between conservative, moderate, and aggressive investors?",4,65,aggregation,0.3619,0.2488,0.2500,1.0000,different,Please display the average taxes paid per category of investment.?
34,aggregation+comparison,"How does the average investment time horizon differ between conservative, moderate, and aggressive investors?",5,64,aggregation+comparison+lookup/filter,0.3618,0.2963,0.1818,1.0000,different,"Looking at all available records, what is the total cost basis vs total current value for all Conservative investors?"
35,aggregation+ranking/comparison+lookup/filter,"On average, which type of investment goal has the highest progress toward its target?",1,151,aggregation+ranking/comparison+lookup/filter,0.6392,0.4785,0.7143,1.0000,similar,"Given all the data available, which investment type has the highest average cost basis?"
35,aggregation+ranking/comparison+lookup/filter,"On average, which type of investment goal has the highest progress toward its target?",2,149,aggregation+ranking/comparison+lookup/filter,0.5890,0.4779,0.5714,1.0000,somewhat similar,"Given all the data available, which investment category has the highest average taxes paid?"
35,aggregation+ranking/comparison+lookup/filter,"On average, which type of investment goal has the highest progress toward its target?",3,153,aggregation+ranking/comparison+lookup/filter,0.5771,0.4653,0.5556,1.0000,somewhat similar,"Given all the data available, which investment type has the highest average taxes paid per holding?"
35,aggregation+ranking/comparison+lookup/filter,"On average, which type of investment goal has the highest progress toward its target?",4,97,aggregation+ranking/comparison+lookup/filter,0.5743,0.4486,0.5714,1.0000,somewhat similar,"Given all the data available, which investment type generates the highest average dividend income?"
35,aggregation+ranking/comparison+lookup/filter,"On average, which type of investment goal has the highest progress toward its target?",5,152,aggregation+ranking/comparison+lookup/filter,0.5635,0.4269,0.5714,1.0000,somewhat similar,"Given all the data available, which investment type has the lowest average cost basis?"
36,aggregation+lookup/filter,Which investment goal type delivers the best average risk-adjusted return?,1,98,aggregation+ranking/comparison+lookup/filter,0.5356,0.4713,0.4286,1.0000,somewhat similar,"Given all the data available, which investment type generates the lowest average dividend income?"
36,aggregation+lookup/filter,Which investment goal type delivers the best average risk-adjusted return?,2,49,aggregation+ranking/comparison+lookup/filter,0.5345,0.4191,0.5000,1.0000,somewhat similar,"Given all the data available, which investment type generates the most dividends on average?"
36,aggregation+lookup/filter,Which investment goal type delivers the best average risk-adjusted return?,3,97,aggregation+ranking/comparison+lookup/filter,0.5345,0.4690,0.4286,1.0000,somewhat similar,"Given all the data available, which investment type generates the highest average dividend income?"
36,aggregation+lookup/filter,Which investment goal type delivers the best average risk-adjusted return?,4,152,aggregation+ranking/comparison+lookup/filter,0.5199,0.4399,0.4286,1.0000,somewhat similar,"Given all the data available, which investment type has the lowest average cost basis?"
36,aggregation+lookup/filter,Which investment goal type delivers the best average risk-adjusted return?,5,151,aggregation+ranking/comparison+lookup/filter,0.5188,0.4377,0.4286,1.0000,somewhat similar,"Given all the data available, which investment type has the highest average cost basis?"
37,comparison,How does the risk-return trade-off compare between Retirement Planning goals and Child Education goals?,1,21,comparison+lookup/filter,0.4087,0.3423,0.2500,1.0000,different,"Provide a complete list of all the names of investors who have a 'Retirement Planning' goal with a shortfall greater than 1,000,000.?"
37,comparison,How does the risk-return trade-off compare between Retirement Planning goals and Child Education goals?,2,30,ranking/comparison+comparison,0.2867,0.2151,0.0833,1.0000,different,"From the complete wealth management dataset, compare the preferred sector in the investor's profile to the sector with the highest allocation percentage in their actual portfolio for investor inv001.?"
37,comparison,How does the risk-return trade-off compare between Retirement Planning goals and Child Education goals?,3,169,count,0.2762,0.3424,0.3000,0.0000,different,"Across the entire investor database, how many investors are not on track to meet their Child Education goals?"
37,comparison,How does the risk-return trade-off compare between Retirement Planning goals and Child Education goals?,4,64,aggregation+comparison+lookup/filter,0.2635,0.2270,0.0000,1.0000,different,"Looking at all available records, what is the total cost basis vs total current value for all Conservative investors?"
37,comparison,How does the risk-return trade-off compare between Retirement Planning goals and Child Education goals?,5,126,count+lookup/filter,0.2595,0.3281,0.2727,0.0000,different,"Across the entire investor database, how many records show investors with a Retirement Planning goal shortfall exceeding 1,000,000?"
38,aggregation+comparison,"How does the average portfolio health score compare across conservative, moderate, and aggressive investors?",1,38,aggregation,0.3746,0.2582,0.2727,1.0000,different,"Based on portfolio data, calculate the average liquidity rating for investors whose total withdrawal transactions exceed 50,000.?"
38,aggregation+comparison,"How does the average portfolio health score compare across conservative, moderate, and aggressive investors?",2,11,count+aggregation,0.3701,0.3102,0.4000,0.5000,related,"From the complete wealth management dataset, count how many portfolios fall into each health status category and calculate their average score.?"
38,aggregation+comparison,"How does the average portfolio health score compare across conservative, moderate, and aggressive investors?",3,19,aggregation,0.3680,0.2451,0.2727,1.0000,different,"Based on portfolio data, calculate the average target amount for investment goals, grouped by the investor's risk profile.?"
38,aggregation+comparison,"How does the average portfolio health score compare across conservative, moderate, and aggressive investors?",4,53,aggregation,0.3632,0.2709,0.2222,1.0000,different,Please display total dividends earned per sector across all investors.?
38,aggregation+comparison,"How does the average portfolio health score compare across conservative, moderate, and aggressive investors?",5,64,aggregation+comparison+lookup/filter,0.3594,0.2916,0.1818,1.0000,different,"Looking at all available records, what is the total cost basis vs total current value for all Conservative investors?"
39,aggregation+comparison+lookup/filter,"Among investors who hold both, how does their Technology allocation compare to their Financial Services allocation on average?",1,50,aggregation+lookup/filter,0.4015,0.2930,0.3000,1.0000,different,"From the complete wealth management dataset, list all investors who hold gold investments and their total gold value.?"
39,aggregation+comparison+lookup/filter,"Among investors who hold both, how does their Technology allocation compare to their Financial Services allocation on average?",2,36,comparison+lookup/filter,0.3946,0.3142,0.2500,1.0000,different,Please display the liquidity rating for investors who have allocated more than 40% of their portfolio to the 'Technology' sector.?
39,aggregation+comparison+lookup/filter,"Among investors who hold both, how does their Technology allocation compare to their Financial Services allocation on average?",3,26,aggregation+lookup/filter,0.3914,0.3078,0.2500,1.0000,different,"Considering all investors in the system, which investors with a 'Moderate' risk profile have a total amount invested in 'Financial Services' exceeding 500,000?"
39,aggregation+comparison+lookup/filter,"Among investors who hold both, how does their Technology allocation compare to their Financial Services allocation on average?",4,31,aggregation+lookup/filter,0.3631,0.2512,0.2500,1.0000,different,"Based on portfolio data, calculate the average withdrawal amount for investors who have fully completed (100% progress) any of their investment goals.?"
39,aggregation+comparison+lookup/filter,"Among investors who hold both, how does their Technology allocation compare to their Financial Services allocation on average?",5,46,lookup/filter,0.3626,0.2252,0.2857,1.0000,different,"Considering all investors in the system, which investors hold Private Equity investments?"
40,aggregation+comparison,"For each investor, how does their total money inflow compare to their total money outflow?",1,186,count+aggregation,0.3743,0.2987,0.4286,0.5000,related,"Across the entire investor database, how many holdings does investor INV-015 have in total?"
40,aggregation+comparison,"For each investor, how does their total money inflow compare to their total money outflow?",2,38,aggregation,0.3658,0.2315,0.2857,1.0000,different,"Based on portfolio data, calculate the average liquidity rating for investors whose total withdrawal transactions exceed 50,000.?"
40,aggregation+comparison,"For each investor, how does their total money inflow compare to their total money outflow?",3,80,aggregation,0.3611,0.3222,0.1429,1.0000,different,Please display the monthly total cash inflows (deposits and SIP) for the last 12 months.?
40,aggregation+comparison,"For each investor, how does their total money inflow compare to their total money outflow?",4,83,aggregation,0.3417,0.1834,0.2857,1.0000,different,Please display total Lump Sum investments made per investor across all time.?
40,aggregation+comparison,"For each investor, how does their total money inflow compare to their total money outflow?",5,194,aggregation+lookup/filter,0.3289,0.3078,0.2857,0.5000,different,"From the complete wealth management dataset, what was the total cash inflow from deposits and sip contributions in the last 12 months?"
41,aggregation+lookup/filter,"Which rebalancing strategy — Threshold, Calendar, Goal-based, or Tax-aware — tends to have the largest deviation from target allocation on average?",1,19,aggregation,0.4088,0.2631,0.3636,1.0000,related,"Based on portfolio data, calculate the average target amount for investment goals, grouped by the investor's risk profile.?"
41,aggregation+lookup/filter,"Which rebalancing strategy — Threshold, Calendar, Goal-based, or Tax-aware — tends to have the largest deviation from target allocation on average?",2,120,aggregation+ranking/comparison+lookup/filter,0.3964,0.2829,0.3000,1.0000,different,"Given all the data available, which risk profile group has the lowest average investment goal target amount?"
41,aggregation+lookup/filter,"Which rebalancing strategy — Threshold, Calendar, Goal-based, or Tax-aware — tends to have the largest deviation from target allocation on average?",3,14,aggregation+lookup/filter,0.3930,0.2673,0.3125,1.0000,different,"From the complete wealth management dataset, list all scenario-based rebalancing events grouped by whether the allocation was increased or decreased, and show the average revised allocation percentage.?"
41,aggregation+lookup/filter,"Which rebalancing strategy — Threshold, Calendar, Goal-based, or Tax-aware — tends to have the largest deviation from target allocation on average?",4,119,aggregation+ranking/comparison+lookup/filter,0.3748,0.2396,0.3000,1.0000,different,"Given all the data available, which risk profile group has the highest average investment goal target amount?"
41,aggregation+lookup/filter,"Which rebalancing strategy — Threshold, Calendar, Goal-based, or Tax-aware — tends to have the largest deviation from target allocation on average?",5,121,aggregation+lookup/filter,0.3554,0.2358,0.2500,1.0000,different,"Looking at all available records, what is the average investment goal target amount for Aggressive risk profile investors?"
42,aggregation+lookup/filter,"Which market scenario — Bear Market, Bull Market, Interest Rate Hike, or Market Volatility — triggers the largest average shift in portfolio allocation?",1,27,lookup/filter,0.4247,0.2994,0.3571,1.0000,related,Please display the portfolio health condition for all investors who were affected by the 'Interest Rate Hike' scenario rebalancing.?
42,aggregation+lookup/filter,"Which market scenario — Bear Market, Bull Market, Interest Rate Hike, or Market Volatility — triggers the largest average shift in portfolio allocation?",2,123,lookup/filter,0.3986,0.2972,0.2857,1.0000,different,"Given all the data available, which market scenario triggered the fewest scenario-based rebalancing events?"
42,aggregation+lookup/filter,"Which market scenario — Bear Market, Bull Market, Interest Rate Hike, or Market Volatility — triggers the largest average shift in portfolio allocation?",3,160,aggregation+lookup/filter,0.3690,0.2471,0.2727,1.0000,different,"Looking at all available records, what is the average new allocation percentage for Increase scenario rebalancing changes?"
42,aggregation+lookup/filter,"Which market scenario — Bear Market, Bull Market, Interest Rate Hike, or Market Volatility — triggers the largest average shift in portfolio allocation?",4,161,aggregation+lookup/filter,0.3690,0.2471,0.2727,1.0000,different,"Looking at all available records, what is the average new allocation percentage for Decrease scenario rebalancing changes?"
42,aggregation+lookup/filter,"Which market scenario — Bear Market, Bull Market, Interest Rate Hike, or Market Volatility — triggers the largest average shift in portfolio allocation?",5,198,aggregation+lookup/filter,0.3603,0.2456,0.2500,1.0000,different,"Looking at all available records, what is the average new allocation percentage for No Change scenario rebalancing events?"
43,lookup/filter,"Which investors are in critical portfolio health, and what are their risk appetite and primary financial goal?",1,171,ranking/comparison+lookup/filter,0.5024,0.3937,0.4444,1.0000,somewhat similar,"Considering all investors in the system, which investor has the highest portfolio health score among those not meeting their Child Education goals?"
43,lookup/filter,"Which investors are in critical portfolio health, and what are their risk appetite and primary financial goal?",2,170,ranking/comparison+lookup/filter,0.5005,0.3898,0.4444,1.0000,somewhat similar,"Considering all investors in the system, which investor has the lowest portfolio health score among those not meeting their Child Education goals?"
43,lookup/filter,"Which investors are in critical portfolio health, and what are their risk appetite and primary financial goal?",3,23,lookup/filter,0.4795,0.3478,0.4444,1.0000,somewhat similar,Please display the overall portfolio health score for all investors who are not on track to meet their 'Child Education' goals.?
43,lookup/filter,"Which investors are in critical portfolio health, and what are their risk appetite and primary financial goal?",4,27,lookup/filter,0.4329,0.3325,0.3333,1.0000,different,Please display the portfolio health condition for all investors who were affected by the 'Interest Rate Hike' scenario rebalancing.?
43,lookup/filter,"Which investors are in critical portfolio health, and what are their risk appetite and primary financial goal?",5,26,aggregation+lookup/filter,0.4219,0.3105,0.3333,1.0000,different,"Considering all investors in the system, which investors with a 'Moderate' risk profile have a total amount invested in 'Financial Services' exceeding 500,000?"
44,lookup/filter,Show all off-track investment goals along with the corresponding investor's risk appetite and investment time horizon.,1,2,lookup/filter,0.4938,0.3377,0.5000,1.0000,somewhat similar,"Looking at all available records, what is the investment time horizon for investor INV002?"
44,lookup/filter,Show all off-track investment goals along with the corresponding investor's risk appetite and investment time horizon.,2,121,aggregation+lookup/filter,0.4370,0.3194,0.3636,1.0000,related,"Looking at all available records, what is the average investment goal target amount for Aggressive risk profile investors?"
44,lookup/filter,Show all off-track investment goals along with the corresponding investor's risk appetite and investment time horizon.,3,192,aggregation+ranking/comparison+lookup/filter,0.4102,0.3648,0.2222,1.0000,different,"Considering all investors in the system, which investor holds the lowest total Gold investment value?"
44,lookup/filter,Show all off-track investment goals along with the corresponding investor's risk appetite and investment time horizon.,4,191,aggregation+ranking/comparison+lookup/filter,0.4095,0.3634,0.2222,1.0000,different,"Considering all investors in the system, which investor holds the highest total Gold investment value?"
44,lookup/filter,Show all off-track investment goals along with the corresponding investor's risk appetite and investment time horizon.,5,128,ranking/comparison+lookup/filter,0.3951,0.2569,0.3333,1.0000,different,"Given all the data available, which Moderate risk investor has the highest investment in the Financial Services sector?"
45,lookup/filter,Show all loss-making portfolio holdings along with each investor's primary financial goal and risk appetite.,1,22,aggregation+lookup/filter,0.4065,0.3221,0.2727,1.0000,different,"Looking at all available records, what is the total current market value of holdings for investors with an 'Aggressive' risk profile?"
45,lookup/filter,Show all loss-making portfolio holdings along with each investor's primary financial goal and risk appetite.,2,41,aggregation+lookup/filter,0.4058,0.3206,0.2727,1.0000,different,Search through all records to find the total current market value of holdings in the 'Large Cap' segment for investors whose primary objective is 'Wealth Preservation'.?
45,lookup/filter,Show all loss-making portfolio holdings along with each investor's primary financial goal and risk appetite.,3,128,ranking/comparison+lookup/filter,0.3982,0.2630,0.3333,1.0000,different,"Given all the data available, which Moderate risk investor has the highest investment in the Financial Services sector?"
45,lookup/filter,Show all loss-making portfolio holdings along with each investor's primary financial goal and risk appetite.,4,139,lookup/filter,0.3918,0.2927,0.2727,1.0000,different,"Looking at all available records, what is the risk profile of the investor with fewer than 12 months remaining to reach any active goal?"
45,lookup/filter,Show all loss-making portfolio holdings along with each investor's primary financial goal and risk appetite.,5,89,count+lookup/filter,0.3917,0.3278,0.2222,1.0000,different,"Looking at all available records, what is the count of holdings in each category for investor INV-012?"
46,aggregation+lookup/filter,"For each investor, show their overall portfolio health score alongside their average progress across all investment goals.",1,23,lookup/filter,0.5761,0.4322,0.6000,1.0000,somewhat similar,Please display the overall portfolio health score for all investors who are not on track to meet their 'Child Education' goals.?
46,aggregation+lookup/filter,"For each investor, show their overall portfolio health score alongside their average progress across all investment goals.",2,31,aggregation+lookup/filter,0.5442,0.3685,0.6000,1.0000,somewhat similar,"Based on portfolio data, calculate the average withdrawal amount for investors who have fully completed (100% progress) any of their investment goals.?"
46,aggregation+lookup/filter,"For each investor, show their overall portfolio health score alongside their average progress across all investment goals.",3,19,aggregation,0.5094,0.3687,0.5000,1.0000,somewhat similar,"Based on portfolio data, calculate the average target amount for investment goals, grouped by the investor's risk profile.?"
46,aggregation+lookup/filter,"For each investor, show their overall portfolio health score alongside their average progress across all investment goals.",4,10,aggregation+lookup/filter,0.5035,0.3570,0.5000,1.0000,somewhat similar,"From the complete wealth management dataset, categorize all investment goals by their type and show the average progress for each.?"
46,aggregation+lookup/filter,"For each investor, show their overall portfolio health score alongside their average progress across all investment goals.",5,170,ranking/comparison+lookup/filter,0.4632,0.4264,0.5000,0.5000,somewhat similar,"Considering all investors in the system, which investor has the lowest portfolio health score among those not meeting their Child Education goals?"
47,ranking/comparison+lookup/filter,"Which investors are overweight in at least one asset, and how well do their portfolios align with their stated goals?",1,171,ranking/comparison+lookup/filter,0.4000,0.3250,0.2500,1.0000,different,"Considering all investors in the system, which investor has the highest portfolio health score among those not meeting their Child Education goals?"
47,ranking/comparison+lookup/filter,"Which investors are overweight in at least one asset, and how well do their portfolios align with their stated goals?",2,170,ranking/comparison+lookup/filter,0.3980,0.3210,0.2500,1.0000,different,"Considering all investors in the system, which investor has the lowest portfolio health score among those not meeting their Child Education goals?"
47,ranking/comparison+lookup/filter,"Which investors are overweight in at least one asset, and how well do their portfolios align with their stated goals?",3,23,lookup/filter,0.3739,0.2728,0.2500,1.0000,different,Please display the overall portfolio health score for all investors who are not on track to meet their 'Child Education' goals.?
47,ranking/comparison+lookup/filter,"Which investors are overweight in at least one asset, and how well do their portfolios align with their stated goals?",4,37,lookup/filter,0.3505,0.2261,0.2500,1.0000,different,"From the complete wealth management dataset, for investor inv001, list all holdings that match their stated preferred investment category and are linked to their 'growth' goals.?"
47,ranking/comparison+lookup/filter,"Which investors are overweight in at least one asset, and how well do their portfolios align with their stated goals?",5,176,ranking/comparison+lookup/filter,0.3474,0.2548,0.2000,1.0000,different,"Given all the data available, which investment type has the highest current value in investor INV-010's portfolio?"
48,lookup/filter,Find investors who are overweight in Technology and show their overall portfolio health status.,1,23,lookup/filter,0.5134,0.3380,0.5556,1.0000,somewhat similar,Please display the overall portfolio health score for all investors who are not on track to meet their 'Child Education' goals.?
48,lookup/filter,Find investors who are overweight in Technology and show their overall portfolio health status.,2,36,comparison+lookup/filter,0.4585,0.3059,0.4444,1.0000,somewhat similar,Please display the liquidity rating for investors who have allocated more than 40% of their portfolio to the 'Technology' sector.?
48,lookup/filter,Find investors who are overweight in Technology and show their overall portfolio health status.,3,170,ranking/comparison+lookup/filter,0.4460,0.3588,0.3333,1.0000,different,"Considering all investors in the system, which investor has the lowest portfolio health score among those not meeting their Child Education goals?"
48,lookup/filter,Find investors who are overweight in Technology and show their overall portfolio health status.,4,171,ranking/comparison+lookup/filter,0.4427,0.3521,0.3333,1.0000,different,"Considering all investors in the system, which investor has the highest portfolio health score among those not meeting their Child Education goals?"
48,lookup/filter,Find investors who are overweight in Technology and show their overall portfolio health status.,5,27,lookup/filter,0.4301,0.2491,0.4444,1.0000,related,Please display the portfolio health condition for all investors who were affected by the 'Interest Rate Hike' scenario rebalancing.?
49,aggregation+comparison+lookup/filter,Which investors have contributed less total money than the combined funding gap across all their investment goals?,1,53,aggregation,0.4435,0.3537,0.3333,1.0000,different,Please display total dividends earned per sector across all investors.?
49,aggregation+comparison+lookup/filter,Which investors have contributed less total money than the combined funding gap across all their investment goals?,2,79,comparison+lookup/filter,0.4343,0.3352,0.3333,1.0000,different,"Considering all investors in the system, which investors have made more than 3 SIP transactions?"
49,aggregation+comparison+lookup/filter,Which investors have contributed less total money than the combined funding gap across all their investment goals?,3,31,aggregation+lookup/filter,0.4331,0.3508,0.3077,1.0000,different,"Based on portfolio data, calculate the average withdrawal amount for investors who have fully completed (100% progress) any of their investment goals.?"
49,aggregation+comparison+lookup/filter,Which investors have contributed less total money than the combined funding gap across all their investment goals?,4,162,lookup/filter,0.4226,0.3702,0.2500,1.0000,different,"Considering all investors in the system, which investors have zero dividend income from all their holdings?"
49,aggregation+comparison+lookup/filter,Which investors have contributed less total money than the combined funding gap across all their investment goals?,5,108,aggregation+lookup/filter,0.4194,0.3480,0.2727,1.0000,different,"Looking at all available records, what is the total current value of all Mutual Fund holdings across all investors?"
50,lookup/filter,"Show scenario rebalancing events where portfolio allocation was reduced, along with each investor's risk appetite.",1,14,aggregation+lookup/filter,0.4796,0.3410,0.4545,1.0000,somewhat similar,"From the complete wealth management dataset, list all scenario-based rebalancing events grouped by whether the allocation was increased or decreased, and show the average revised allocation percentage.?"
50,lookup/filter,"Show scenario rebalancing events where portfolio allocation was reduced, along with each investor's risk appetite.",2,122,ranking/comparison+lookup/filter,0.4109,0.2218,0.4286,1.0000,related,"Given all the data available, which market scenario triggered the most scenario-based rebalancing events?"
50,lookup/filter,"Show scenario rebalancing events where portfolio allocation was reduced, along with each investor's risk appetite.",3,123,lookup/filter,0.4101,0.2201,0.4286,1.0000,related,"Given all the data available, which market scenario triggered the fewest scenario-based rebalancing events?"
50,lookup/filter,"Show scenario rebalancing events where portfolio allocation was reduced, along with each investor's risk appetite.",4,172,ranking/comparison+lookup/filter,0.4012,0.3116,0.2727,1.0000,different,"From the complete wealth management dataset, what sector has the highest allocation percentage in investor inv-001's actual portfolio?"
50,lookup/filter,"Show scenario rebalancing events where portfolio allocation was reduced, along with each investor's risk appetite.",5,198,aggregation+lookup/filter,0.3875,0.2204,0.3636,1.0000,related,"Looking at all available records, what is the average new allocation percentage for No Change scenario rebalancing events?"
51,aggregation+lookup/filter,"For each investor, show their total portfolio value, how well it aligns with their goals, and whether any goals are currently off track.",1,105,aggregation+ranking/comparison+lookup/filter,0.4435,0.2870,0.4286,1.0000,related,"Given all the data available, which investment category holds the highest total portfolio value?"
51,aggregation+lookup/filter,"For each investor, show their total portfolio value, how well it aligns with their goals, and whether any goals are currently off track.",2,106,aggregation+ranking/comparison+lookup/filter,0.4412,0.2823,0.4286,1.0000,related,"Given all the data available, which investment category holds the lowest total portfolio value?"
51,aggregation+lookup/filter,"For each investor, show their total portfolio value, how well it aligns with their goals, and whether any goals are currently off track.",3,100,aggregation+lookup/filter,0.4357,0.3168,0.3636,1.0000,related,"Looking at all available records, what is the total current portfolio value for all Conservative risk profile investors?"
51,aggregation+lookup/filter,"For each investor, show their total portfolio value, how well it aligns with their goals, and whether any goals are currently off track.",4,23,lookup/filter,0.4316,0.3478,0.3077,1.0000,different,Please display the overall portfolio health score for all investors who are not on track to meet their 'Child Education' goals.?
51,aggregation+lookup/filter,"For each investor, show their total portfolio value, how well it aligns with their goals, and whether any goals are currently off track.",5,96,aggregation+ranking/comparison+lookup/filter,0.4164,0.2702,0.3750,1.0000,related,"Given all the data available, which investment type holds the highest total current portfolio value?"
52,aggregation+temporal+lookup/filter,What is the total money movement for investor INV-001 in each calendar month?,1,179,aggregation+lookup/filter,0.4975,0.4325,0.3750,1.0000,somewhat similar,"Looking at all available records, what is the total amount of Redemption transactions for investor INV-008?"
52,aggregation+temporal+lookup/filter,What is the total money movement for investor INV-001 in each calendar month?,2,54,aggregation+lookup/filter,0.4903,0.4181,0.3750,1.0000,somewhat similar,"Looking at all available records, what is the total dividend income for investor INV-003 from all holdings?"
52,aggregation+temporal+lookup/filter,What is the total money movement for investor INV-001 in each calendar month?,3,183,aggregation+lookup/filter,0.4901,0.4177,0.3750,1.0000,somewhat similar,"Looking at all available records, what is the total dividend cash flow amount for investor INV-020?"
52,aggregation+temporal+lookup/filter,What is the total money movement for investor INV-001 in each calendar month?,4,167,aggregation+lookup/filter,0.4892,0.4159,0.3750,1.0000,somewhat similar,"Looking at all available records, what is the total Lump Sum investment amount for investor INV-012?"
52,aggregation+temporal+lookup/filter,What is the total money movement for investor INV-001 in each calendar month?,5,184,aggregation+lookup/filter,0.4863,0.4102,0.3750,1.0000,somewhat similar,"Looking at all available records, what is the total dividend cash flow amount for investor INV-049?"
53,aggregation+temporal+lookup/filter,What were the total SIP contributions across all investors for each month of 2025?,1,108,aggregation+lookup/filter,0.4831,0.4036,0.3750,1.0000,somewhat similar,"Looking at all available records, what is the total current value of all Mutual Fund holdings across all investors?"
53,aggregation+temporal+lookup/filter,What were the total SIP contributions across all investors for each month of 2025?,2,53,aggregation,0.4766,0.3907,0.3750,1.0000,somewhat similar,Please display total dividends earned per sector across all investors.?
53,aggregation+temporal+lookup/filter,What were the total SIP contributions across all investors for each month of 2025?,3,107,aggregation+lookup/filter,0.4642,0.3660,0.3750,1.0000,somewhat similar,"Looking at all available records, what is the total cost of all Mutual Fund holdings across the entire investor base?"
53,aggregation+temporal+lookup/filter,What were the total SIP contributions across all investors for each month of 2025?,4,194,aggregation+lookup/filter,0.4559,0.3494,0.3750,1.0000,somewhat similar,"From the complete wealth management dataset, what was the total cash inflow from deposits and sip contributions in the last 12 months?"
53,aggregation+temporal+lookup/filter,What were the total SIP contributions across all investors for each month of 2025?,5,93,aggregation+lookup/filter,0.4557,0.3488,0.3750,1.0000,somewhat similar,"Looking at all available records, what is the total dividend income for investor INV-003 across all their holdings?"
54,lookup/filter,Show all money deposits for investor INV-003 in the past 12 months.,1,93,aggregation+lookup/filter,0.4685,0.3745,0.3750,1.0000,somewhat similar,"Looking at all available records, what is the total dividend income for investor INV-003 across all their holdings?"
54,lookup/filter,Show all money deposits for investor INV-003 in the past 12 months.,2,54,aggregation+lookup/filter,0.4656,0.3688,0.3750,1.0000,somewhat similar,"Looking at all available records, what is the total dividend income for investor INV-003 from all holdings?"
54,lookup/filter,Show all money deposits for investor INV-003 in the past 12 months.,3,194,aggregation+lookup/filter,0.4515,0.3406,0.3750,1.0000,somewhat similar,"From the complete wealth management dataset, what was the total cash inflow from deposits and sip contributions in the last 12 months?"
54,lookup/filter,Show all money deposits for investor INV-003 in the past 12 months.,4,144,lookup/filter,0.4493,0.3360,0.3750,1.0000,related,"From the complete wealth management dataset, what are the monthly cash flow totals for investor inv-003?"
54,lookup/filter,Show all money deposits for investor INV-003 in the past 12 months.,5,77,lookup/filter,0.4484,0.3344,0.3750,1.0000,related,"Considering all investors in the system, which investors have not purchased any new holdings in the last 12 months?"
