base_row,base_type,base_question,match_row,match_type,match_score,lexical_score,topic_score,intent_score,match_label,matched_question
2,lookup/filter,What is the investment time horizon set for investor INV-012?,2,lookup/filter,0.6695,0.6390,0.5714,1.0000,similar,"Looking at all available records, what is the investment time horizon for investor INV002?"
3,lookup/filter,Show all investors who have a long-term investment horizon of 10 years or more.,2,lookup/filter,0.4737,0.3850,0.3750,1.0000,somewhat similar,"Looking at all available records, what is the investment time horizon for investor INV002?"
4,lookup/filter,List all investors with an aggressive risk appetite.,22,aggregation+lookup/filter,0.5879,0.4091,0.6667,1.0000,somewhat similar,"Looking at all available records, what is the total current market value of holdings for investors with an 'Aggressive' risk profile?"
5,lookup/filter,List all investors with a conservative risk appetite.,100,aggregation+lookup/filter,0.5539,0.3878,0.6000,1.0000,somewhat similar,"Looking at all available records, what is the total current portfolio value for all Conservative risk profile investors?"
6,other,How much progress has investor INV-005 made toward each of their investment goals?,48,other,0.4082,0.2831,0.3333,1.0000,different,Please display the breakdown of investment types held by investor INV-010?
7,comparison+lookup/filter,What is the funding gap between the target and current value for each investment goal of investor INV-010?,176,ranking/comparison+lookup/filter,0.4740,0.3780,0.6000,0.5000,somewhat similar,"Given all the data available, which investment type has the highest current value in investor INV-010's portfolio?"
8,ranking/comparison+lookup/filter,Show all investment goals that are on track with at least 50% of their target achieved.,23,lookup/filter,0.4078,0.3601,0.2222,1.0000,different,Please display the overall portfolio health score for all investors who are not on track to meet their 'Child Education' goals.?
9,comparison+lookup/filter,"Show all investment goals that are significantly behind, with less than 30% of their target achieved.",37,lookup/filter,0.3861,0.2622,0.3000,1.0000,different,"From the complete wealth management dataset, for investor inv001, list all holdings that match their stated preferred investment category and are linked to their 'growth' goals.?"
10,aggregation+lookup/filter,"List all investment goals with above-average volatility, indicating high portfolio risk.",19,aggregation,0.4773,0.3046,0.5000,1.0000,somewhat similar,"Based on portfolio data, calculate the average target amount for investment goals, grouped by the investor's risk profile.?"
11,count,How many months remain until each investment goal of investor INV-003 is due?,44,count,0.4969,0.4604,0.3333,1.0000,somewhat similar,"Across the entire investor database, how many holdings of each investment type does investor INV-005 hold?"
12,lookup/filter,Show all profitable holdings for investor INV-006.,177,aggregation+lookup/filter,0.5750,0.4300,0.6000,1.0000,somewhat similar,"Looking at all available records, what is the total current value of ETF holdings for investor INV-010?"
13,lookup/filter,List all loss-making holdings for investor INV-015.,78,temporal+lookup/filter,0.5985,0.3969,0.7143,1.0000,somewhat similar,"From the complete wealth management dataset, list all holdings for investor inv-015 sorted by purchase date oldest to newest.?"
14,other,When was each holding originally acquired by investor INV-009?,48,other,0.4010,0.3269,0.2500,1.0000,different,Please display the breakdown of investment types held by investor INV-010?
15,other,How well does the portfolio of investor INV-022 align with their investment goals?,48,other,0.4265,0.3197,0.3333,1.0000,different,Please display the breakdown of investment types held by investor INV-010?
16,comparison+lookup/filter,"List all sectors where investors are underweight, with less than 5% of their portfolio allocated.",36,comparison+lookup/filter,0.5168,0.3837,0.5000,1.0000,somewhat similar,Please display the liquidity rating for investors who have allocated more than 40% of their portfolio to the 'Technology' sector.?
17,aggregation+lookup/filter,"Show all money inflows — deposits, SIPs, and lump-sum contributions — for investor INV-004.",168,aggregation+lookup/filter,0.5070,0.4340,0.4000,1.0000,somewhat similar,"Looking at all available records, what is the total Lump Sum investment amount for investor INV-049?"
18,lookup/filter,List all transactions of type 'SIP' for investor INV-008.,179,aggregation+lookup/filter,0.5789,0.4577,0.5714,1.0000,somewhat similar,"Looking at all available records, what is the total amount of Redemption transactions for investor INV-008?"
19,lookup/filter,Show all rebalancing actions where investor INV-013 is overweight in any asset relative to its target allocation.,29,lookup/filter,0.3936,0.2540,0.3333,1.0000,different,"Please display the names of investors and the reasoning behind any 'Buy' rebalancing actions where the amount exceeds 100,000.?"
20,count,How many portfolio rebalancing events has each market scenario triggered?,124,count,0.6360,0.4721,0.7143,1.0000,similar,"Across the entire investor database, how many rebalancing events were triggered by the Bull Market scenario?"
21,lookup/filter,Which investment goal offers the best risk-adjusted return across all investors?,121,aggregation+lookup/filter,0.4996,0.3880,0.4444,1.0000,somewhat similar,"Looking at all available records, what is the average investment goal target amount for Aggressive risk profile investors?"
22,lookup/filter,Which investor has the largest combined funding gap across all their investment goals?,155,ranking/comparison+lookup/filter,0.5150,0.4300,0.4286,1.0000,somewhat similar,"Given all the data available, which holding has the highest dividend amount across all investors?"
23,lookup/filter,Which investment goal has the best risk-adjusted performance in the database?,6,lookup/filter,0.5656,0.3938,0.6250,1.0000,somewhat similar,"Looking at all available records, what is the risk-adjusted performance ratio for investment goal G003?"
24,ranking/comparison+lookup/filter,Which single holding has delivered the highest return across the entire database?,155,ranking/comparison+lookup/filter,0.5680,0.4361,0.5714,1.0000,somewhat similar,"Given all the data available, which holding has the highest dividend amount across all investors?"
25,aggregation+lookup/filter,Which investor has the largest total portfolio value?,43,aggregation+ranking/comparison+lookup/filter,0.6170,0.4674,0.6667,1.0000,similar,"Given all the data available, which investment type has the highest total current value in the portfolio?"
26,lookup/filter,Which investor has the healthiest overall portfolio based on a composite score?,171,ranking/comparison+lookup/filter,0.5009,0.3518,0.5000,1.0000,somewhat similar,"Considering all investors in the system, which investor has the highest portfolio health score among those not meeting their Child Education goals?"
27,ranking/comparison+lookup/filter,Which investor has the most illiquid portfolio?,176,ranking/comparison+lookup/filter,0.5560,0.3919,0.6000,1.0000,somewhat similar,"Given all the data available, which investment type has the highest current value in investor INV-010's portfolio?"
28,ranking/comparison+lookup/filter,Who are the top 5 investors whose portfolios best align with their investment goals?,23,lookup/filter,0.4893,0.3676,0.4444,1.0000,somewhat similar,Please display the overall portfolio health score for all investors who are not on track to meet their 'Child Education' goals.?
29,ranking/comparison+lookup/filter,"Which investor has the most concentrated portfolio, with the highest proportion in a single sector?",128,ranking/comparison+lookup/filter,0.5076,0.4042,0.4444,1.0000,somewhat similar,"Given all the data available, which Moderate risk investor has the highest investment in the Financial Services sector?"
30,aggregation+ranking/comparison+lookup/filter,Which sector attracts the highest total investment across all investors?,145,aggregation+ranking/comparison+lookup/filter,0.7216,0.6432,0.7143,1.0000,similar,"Given all the data available, which sector earned the highest total dividends across all investors?"
31,lookup/filter,Which investor has made the single largest transaction — whether a deposit or withdrawal?,195,aggregation+ranking/comparison+lookup/filter,0.4772,0.3918,0.3750,1.0000,somewhat similar,"Considering all investors in the system, which investor has the highest total deposit amount?"
32,comparison+lookup/filter,Which rebalancing action had the largest gap between actual and target allocation in the database?,85,lookup/filter,0.4092,0.3785,0.2000,1.0000,different,"Looking at all available records, what is the largest single cash flow transaction (any type) in the database?"
33,lookup/filter,Which scenario-driven rebalancing event caused the biggest shift in portfolio allocation?,122,ranking/comparison+lookup/filter,0.4127,0.3253,0.2857,1.0000,different,"Given all the data available, which market scenario triggered the most scenario-based rebalancing events?"
34,aggregation+comparison,"How does the average investment time horizon differ between conservative, moderate, and aggressive investors?",8,aggregation,0.4633,0.3466,0.4000,1.0000,somewhat similar,Please display the average time horizon for investors grouped by their risk tolerance level.?
35,aggregation+ranking/comparison+lookup/filter,"On average, which type of investment goal has the highest progress toward its target?",151,aggregation+ranking/comparison+lookup/filter,0.6392,0.4785,0.7143,1.0000,similar,"Given all the data available, which investment type has the highest average cost basis?"
36,aggregation+lookup/filter,Which investment goal type delivers the best average risk-adjusted return?,98,aggregation+ranking/comparison+lookup/filter,0.5356,0.4713,0.4286,1.0000,somewhat similar,"Given all the data available, which investment type generates the lowest average dividend income?"
37,comparison,How does the risk-return trade-off compare between Retirement Planning goals and Child Education goals?,21,comparison+lookup/filter,0.4087,0.3423,0.2500,1.0000,different,"Provide a complete list of all the names of investors who have a 'Retirement Planning' goal with a shortfall greater than 1,000,000.?"
38,aggregation+comparison,"How does the average portfolio health score compare across conservative, moderate, and aggressive investors?",38,aggregation,0.3746,0.2582,0.2727,1.0000,different,"Based on portfolio data, calculate the average liquidity rating for investors whose total withdrawal transactions exceed 50,000.?"
39,aggregation+comparison+lookup/filter,"Among investors who hold both, how does their Technology allocation compare to their Financial Services allocation on average?",50,aggregation+lookup/filter,0.4015,0.2930,0.3000,1.0000,different,"From the complete wealth management dataset, list all investors who hold gold investments and their total gold value.?"
40,aggregation+comparison,"For each investor, how does their total money inflow compare to their total money outflow?",186,count+aggregation,0.3743,0.2987,0.4286,0.5000,related,"Across the entire investor database, how many holdings does investor INV-015 have in total?"
41,aggregation+lookup/filter,"Which rebalancing strategy — Threshold, Calendar, Goal-based, or Tax-aware — tends to have the largest deviation from target allocation on average?",19,aggregation,0.4088,0.2631,0.3636,1.0000,related,"Based on portfolio data, calculate the average target amount for investment goals, grouped by the investor's risk profile.?"
42,aggregation+lookup/filter,"Which market scenario — Bear Market, Bull Market, Interest Rate Hike, or Market Volatility — triggers the largest average shift in portfolio allocation?",27,lookup/filter,0.4247,0.2994,0.3571,1.0000,related,Please display the portfolio health condition for all investors who were affected by the 'Interest Rate Hike' scenario rebalancing.?
43,lookup/filter,"Which investors are in critical portfolio health, and what are their risk appetite and primary financial goal?",171,ranking/comparison+lookup/filter,0.5024,0.3937,0.4444,1.0000,somewhat similar,"Considering all investors in the system, which investor has the highest portfolio health score among those not meeting their Child Education goals?"
44,lookup/filter,Show all off-track investment goals along with the corresponding investor's risk appetite and investment time horizon.,2,lookup/filter,0.4938,0.3377,0.5000,1.0000,somewhat similar,"Looking at all available records, what is the investment time horizon for investor INV002?"
45,lookup/filter,Show all loss-making portfolio holdings along with each investor's primary financial goal and risk appetite.,22,aggregation+lookup/filter,0.4065,0.3221,0.2727,1.0000,different,"Looking at all available records, what is the total current market value of holdings for investors with an 'Aggressive' risk profile?"
46,aggregation+lookup/filter,"For each investor, show their overall portfolio health score alongside their average progress across all investment goals.",23,lookup/filter,0.5761,0.4322,0.6000,1.0000,somewhat similar,Please display the overall portfolio health score for all investors who are not on track to meet their 'Child Education' goals.?
47,ranking/comparison+lookup/filter,"Which investors are overweight in at least one asset, and how well do their portfolios align with their stated goals?",171,ranking/comparison+lookup/filter,0.4000,0.3250,0.2500,1.0000,different,"Considering all investors in the system, which investor has the highest portfolio health score among those not meeting their Child Education goals?"
48,lookup/filter,Find investors who are overweight in Technology and show their overall portfolio health status.,23,lookup/filter,0.5134,0.3380,0.5556,1.0000,somewhat similar,Please display the overall portfolio health score for all investors who are not on track to meet their 'Child Education' goals.?
49,aggregation+comparison+lookup/filter,Which investors have contributed less total money than the combined funding gap across all their investment goals?,53,aggregation,0.4435,0.3537,0.3333,1.0000,different,Please display total dividends earned per sector across all investors.?
50,lookup/filter,"Show scenario rebalancing events where portfolio allocation was reduced, along with each investor's risk appetite.",14,aggregation+lookup/filter,0.4796,0.3410,0.4545,1.0000,somewhat similar,"From the complete wealth management dataset, list all scenario-based rebalancing events grouped by whether the allocation was increased or decreased, and show the average revised allocation percentage.?"
51,aggregation+lookup/filter,"For each investor, show their total portfolio value, how well it aligns with their goals, and whether any goals are currently off track.",105,aggregation+ranking/comparison+lookup/filter,0.4435,0.2870,0.4286,1.0000,related,"Given all the data available, which investment category holds the highest total portfolio value?"
52,aggregation+temporal+lookup/filter,What is the total money movement for investor INV-001 in each calendar month?,179,aggregation+lookup/filter,0.4975,0.4325,0.3750,1.0000,somewhat similar,"Looking at all available records, what is the total amount of Redemption transactions for investor INV-008?"
53,aggregation+temporal+lookup/filter,What were the total SIP contributions across all investors for each month of 2025?,108,aggregation+lookup/filter,0.4831,0.4036,0.3750,1.0000,somewhat similar,"Looking at all available records, what is the total current value of all Mutual Fund holdings across all investors?"
54,lookup/filter,Show all money deposits for investor INV-003 in the past 12 months.,93,aggregation+lookup/filter,0.4685,0.3745,0.3750,1.0000,somewhat similar,"Looking at all available records, what is the total dividend income for investor INV-003 across all their holdings?"
