alias_key,aliases,resolved_id,ambiguous,candidates
category001,"CATEGORY-001, CATEGORY001, category-001, category001",CATEGORY001,False,CATEGORY001
category002,"CATEGORY-002, CATEGORY002, category-002, category002",CATEGORY002,False,CATEGORY002
category003,"CATEGORY-003, CATEGORY003, category-003, category003",CATEGORY003,False,CATEGORY003
category004,"CATEGORY-004, CATEGORY004, category-004, category004",CATEGORY004,False,CATEGORY004
category005,"CATEGORY-005, CATEGORY005, category-005, category005",CATEGORY005,False,CATEGORY005
category006,"CATEGORY-006, CATEGORY006, category-006, category006",CATEGORY006,False,CATEGORY006
category007,"CATEGORY-007, CATEGORY007, category-007, category007",CATEGORY007,False,CATEGORY007
category008,"CATEGORY-008, CATEGORY008, category-008, category008",CATEGORY008,False,CATEGORY008
category009,"CATEGORY-009, CATEGORY009, category-009, category009",CATEGORY009,False,CATEGORY009
category01,"CATEGORY-01, CATEGORY01, category-01, category01",CATEGORY001,False,CATEGORY001
category010,"CATEGORY-010, CATEGORY010, category-010, category010",CATEGORY010,False,CATEGORY010
category02,"CATEGORY-02, CATEGORY02, category-02, category02",CATEGORY002,False,CATEGORY002
category03,"CATEGORY-03, CATEGORY03, category-03, category03",CATEGORY003,False,CATEGORY003
category04,"CATEGORY-04, CATEGORY04, category-04, category04",CATEGORY004,False,CATEGORY004
category05,"CATEGORY-05, CATEGORY05, category-05, category05",CATEGORY005,False,CATEGORY005
category06,"CATEGORY-06, CATEGORY06, category-06, category06",CATEGORY006,False,CATEGORY006
category07,"CATEGORY-07, CATEGORY07, category-07, category07",CATEGORY007,False,CATEGORY007
category08,"CATEGORY-08, CATEGORY08, category-08, category08",CATEGORY008,False,CATEGORY008
category09,"CATEGORY-09, CATEGORY09, category-09, category09",CATEGORY009,False,CATEGORY009
category1,"CATEGORY-1, CATEGORY1, category-1, category1",CATEGORY001,False,CATEGORY001
category10,"CATEGORY-10, CATEGORY10, category-10, category10",CATEGORY010,False,CATEGORY010
category2,"CATEGORY-2, CATEGORY2, category-2, category2",CATEGORY002,False,CATEGORY002
category3,"CATEGORY-3, CATEGORY3, category-3, category3",CATEGORY003,False,CATEGORY003
category4,"CATEGORY-4, CATEGORY4, category-4, category4",CATEGORY004,False,CATEGORY004
category5,"CATEGORY-5, CATEGORY5, category-5, category5",CATEGORY005,False,CATEGORY005
category6,"CATEGORY-6, CATEGORY6, category-6, category6",CATEGORY006,False,CATEGORY006
category7,"CATEGORY-7, CATEGORY7, category-7, category7",CATEGORY007,False,CATEGORY007
category8,"CATEGORY-8, CATEGORY8, category-8, category8",CATEGORY008,False,CATEGORY008
category9,"CATEGORY-9, CATEGORY9, category-9, category9",CATEGORY009,False,CATEGORY009
g001,"G-001, G001, g-001, g001",G001,False,G001
g002,"G-002, G002, g-002, g002",G002,False,G002
g003,"G-003, G003, g-003, g003",G003,False,G003
g01,"G-01, G01, g-01, g01",G001,False,G001
g02,"G-02, G02, g-02, g02",G002,False,G002
g03,"G-03, G03, g-03, g03",G003,False,G003
g1,"G-1, G1, g-1, g1",G001,False,G001
g2,"G-2, G2, g-2, g2",G002,False,G002
g3,"G-3, G3, g-3, g3",G003,False,G003
inv001,"INV-001, INV001, inv-001, inv001",INV001,False,INV001
inv002,"INV-002, INV002, inv-002, inv002",INV002,False,INV002
inv003,"INV-003, INV003, inv-003, inv003",INV003,False,INV003
inv004,"INV-004, INV004, inv-004, inv004",INV004,False,INV004
inv01,"INV-01, INV01, inv-01, inv01",INV001,False,INV001
inv02,"INV-02, INV02, inv-02, inv02",INV002,False,INV002
inv03,"INV-03, INV03, inv-03, inv03",INV003,False,INV003
inv04,"INV-04, INV04, inv-04, inv04",INV004,False,INV004
inv1,"INV-1, INV1, inv-1, inv1",INV001,False,INV001
inv2,"INV-2, INV2, inv-2, inv2",INV002,False,INV002
inv3,"INV-3, INV3, inv-3, inv3",INV003,False,INV003
inv4,"INV-4, INV4, inv-4, inv4",INV004,False,INV004
invtype001,"INVTYPE-001, INVTYPE001, invtype-001, invtype001",INVTYPE001,False,INVTYPE001
invtype002,"INVTYPE-002, INVTYPE002, invtype-002, invtype002",INVTYPE002,False,INVTYPE002
invtype003,"INVTYPE-003, INVTYPE003, invtype-003, invtype003",INVTYPE003,False,INVTYPE003
invtype004,"INVTYPE-004, INVTYPE004, invtype-004, invtype004",INVTYPE004,False,INVTYPE004
invtype005,"INVTYPE-005, INVTYPE005, invtype-005, invtype005",INVTYPE005,False,INVTYPE005
invtype006,"INVTYPE-006, INVTYPE006, invtype-006, invtype006",INVTYPE006,False,INVTYPE006
invtype007,"INVTYPE-007, INVTYPE007, invtype-007, invtype007",INVTYPE007,False,INVTYPE007
invtype008,"INVTYPE-008, INVTYPE008, invtype-008, invtype008",INVTYPE008,False,INVTYPE008
invtype009,"INVTYPE-009, INVTYPE009, invtype-009, invtype009",INVTYPE009,False,INVTYPE009
invtype01,"INVTYPE-01, INVTYPE01, invtype-01, invtype01",INVTYPE001,False,INVTYPE001
invtype010,"INVTYPE-010, INVTYPE010, invtype-010, invtype010",INVTYPE010,False,INVTYPE010
invtype011,"INVTYPE-011, INVTYPE011, invtype-011, invtype011",INVTYPE011,False,INVTYPE011
invtype012,"INVTYPE-012, INVTYPE012, invtype-012, invtype012",INVTYPE012,False,INVTYPE012
invtype013,"INVTYPE-013, INVTYPE013, invtype-013, invtype013",INVTYPE013,False,INVTYPE013
invtype014,"INVTYPE-014, INVTYPE014, invtype-014, invtype014",INVTYPE014,False,INVTYPE014
invtype015,"INVTYPE-015, INVTYPE015, invtype-015, invtype015",INVTYPE015,False,INVTYPE015
invtype016,"INVTYPE-016, INVTYPE016, invtype-016, invtype016",INVTYPE016,False,INVTYPE016
invtype017,"INVTYPE-017, INVTYPE017, invtype-017, invtype017",INVTYPE017,False,INVTYPE017
invtype018,"INVTYPE-018, INVTYPE018, invtype-018, invtype018",INVTYPE018,False,INVTYPE018
invtype019,"INVTYPE-019, INVTYPE019, invtype-019, invtype019",INVTYPE019,False,INVTYPE019
invtype02,"INVTYPE-02, INVTYPE02, invtype-02, invtype02",INVTYPE002,False,INVTYPE002
invtype020,"INVTYPE-020, INVTYPE020, invtype-020, invtype020",INVTYPE020,False,INVTYPE020
invtype03,"INVTYPE-03, INVTYPE03, invtype-03, invtype03",INVTYPE003,False,INVTYPE003
invtype04,"INVTYPE-04, INVTYPE04, invtype-04, invtype04",INVTYPE004,False,INVTYPE004
invtype05,"INVTYPE-05, INVTYPE05, invtype-05, invtype05",INVTYPE005,False,INVTYPE005
invtype06,"INVTYPE-06, INVTYPE06, invtype-06, invtype06",INVTYPE006,False,INVTYPE006
invtype07,"INVTYPE-07, INVTYPE07, invtype-07, invtype07",INVTYPE007,False,INVTYPE007
invtype08,"INVTYPE-08, INVTYPE08, invtype-08, invtype08",INVTYPE008,False,INVTYPE008
invtype09,"INVTYPE-09, INVTYPE09, invtype-09, invtype09",INVTYPE009,False,INVTYPE009
invtype1,"INVTYPE-1, INVTYPE1, invtype-1, invtype1",INVTYPE001,False,INVTYPE001
invtype10,"INVTYPE-10, INVTYPE10, invtype-10, invtype10",INVTYPE010,False,INVTYPE010
invtype11,"INVTYPE-11, INVTYPE11, invtype-11, invtype11",INVTYPE011,False,INVTYPE011
invtype12,"INVTYPE-12, INVTYPE12, invtype-12, invtype12",INVTYPE012,False,INVTYPE012
invtype13,"INVTYPE-13, INVTYPE13, invtype-13, invtype13",INVTYPE013,False,INVTYPE013
invtype14,"INVTYPE-14, INVTYPE14, invtype-14, invtype14",INVTYPE014,False,INVTYPE014
invtype15,"INVTYPE-15, INVTYPE15, invtype-15, invtype15",INVTYPE015,False,INVTYPE015
invtype16,"INVTYPE-16, INVTYPE16, invtype-16, invtype16",INVTYPE016,False,INVTYPE016
invtype17,"INVTYPE-17, INVTYPE17, invtype-17, invtype17",INVTYPE017,False,INVTYPE017
invtype18,"INVTYPE-18, INVTYPE18, invtype-18, invtype18",INVTYPE018,False,INVTYPE018
invtype19,"INVTYPE-19, INVTYPE19, invtype-19, invtype19",INVTYPE019,False,INVTYPE019
invtype2,"INVTYPE-2, INVTYPE2, invtype-2, invtype2",INVTYPE002,False,INVTYPE002
invtype20,"INVTYPE-20, INVTYPE20, invtype-20, invtype20",INVTYPE020,False,INVTYPE020
invtype3,"INVTYPE-3, INVTYPE3, invtype-3, invtype3",INVTYPE003,False,INVTYPE003
invtype4,"INVTYPE-4, INVTYPE4, invtype-4, invtype4",INVTYPE004,False,INVTYPE004
invtype5,"INVTYPE-5, INVTYPE5, invtype-5, invtype5",INVTYPE005,False,INVTYPE005
invtype6,"INVTYPE-6, INVTYPE6, invtype-6, invtype6",INVTYPE006,False,INVTYPE006
invtype7,"INVTYPE-7, INVTYPE7, invtype-7, invtype7",INVTYPE007,False,INVTYPE007
invtype8,"INVTYPE-8, INVTYPE8, invtype-8, invtype8",INVTYPE008,False,INVTYPE008
invtype9,"INVTYPE-9, INVTYPE9, invtype-9, invtype9",INVTYPE009,False,INVTYPE009
risk001,"RISK-001, RISK001, risk-001, risk001",RISK001,False,RISK001
risk002,"RISK-002, RISK002, risk-002, risk002",RISK002,False,RISK002
risk003,"RISK-003, RISK003, risk-003, risk003",RISK003,False,RISK003
risk004,"RISK-004, RISK004, risk-004, risk004",RISK004,False,RISK004
risk005,"RISK-005, RISK005, risk-005, risk005",RISK005,False,RISK005
risk006,"RISK-006, RISK006, risk-006, risk006",RISK006,False,RISK006
risk007,"RISK-007, RISK007, risk-007, risk007",RISK007,False,RISK007
risk008,"RISK-008, RISK008, risk-008, risk008",RISK008,False,RISK008
risk009,"RISK-009, RISK009, risk-009, risk009",RISK009,False,RISK009
risk01,"RISK-01, RISK01, risk-01, risk01",RISK001,False,RISK001
risk010,"RISK-010, RISK010, risk-010, risk010",RISK010,False,RISK010
risk011,"RISK-011, RISK011, risk-011, risk011",RISK011,False,RISK011
risk02,"RISK-02, RISK02, risk-02, risk02",RISK002,False,RISK002
risk03,"RISK-03, RISK03, risk-03, risk03",RISK003,False,RISK003
risk04,"RISK-04, RISK04, risk-04, risk04",RISK004,False,RISK004
risk05,"RISK-05, RISK05, risk-05, risk05",RISK005,False,RISK005
risk06,"RISK-06, RISK06, risk-06, risk06",RISK006,False,RISK006
risk07,"RISK-07, RISK07, risk-07, risk07",RISK007,False,RISK007
risk08,"RISK-08, RISK08, risk-08, risk08",RISK008,False,RISK008
risk09,"RISK-09, RISK09, risk-09, risk09",RISK009,False,RISK009
risk1,"RISK-1, RISK1, risk-1, risk1",RISK001,False,RISK001
risk10,"RISK-10, RISK10, risk-10, risk10",RISK010,False,RISK010
risk11,"RISK-11, RISK11, risk-11, risk11",RISK011,False,RISK011
risk2,"RISK-2, RISK2, risk-2, risk2",RISK002,False,RISK002
risk3,"RISK-3, RISK3, risk-3, risk3",RISK003,False,RISK003
risk4,"RISK-4, RISK4, risk-4, risk4",RISK004,False,RISK004
risk5,"RISK-5, RISK5, risk-5, risk5",RISK005,False,RISK005
risk6,"RISK-6, RISK6, risk-6, risk6",RISK006,False,RISK006
risk7,"RISK-7, RISK7, risk-7, risk7",RISK007,False,RISK007
risk8,"RISK-8, RISK8, risk-8, risk8",RISK008,False,RISK008
risk9,"RISK-9, RISK9, risk-9, risk9",RISK009,False,RISK009
sector001,"SECTOR-001, SECTOR001, sector-001, sector001",SECTOR001,False,SECTOR001
sector002,"SECTOR-002, SECTOR002, sector-002, sector002",SECTOR002,False,SECTOR002
sector003,"SECTOR-003, SECTOR003, sector-003, sector003",SECTOR003,False,SECTOR003
sector004,"SECTOR-004, SECTOR004, sector-004, sector004",SECTOR004,False,SECTOR004
sector005,"SECTOR-005, SECTOR005, sector-005, sector005",SECTOR005,False,SECTOR005
sector006,"SECTOR-006, SECTOR006, sector-006, sector006",SECTOR006,False,SECTOR006
sector007,"SECTOR-007, SECTOR007, sector-007, sector007",SECTOR007,False,SECTOR007
sector008,"SECTOR-008, SECTOR008, sector-008, sector008",SECTOR008,False,SECTOR008
sector009,"SECTOR-009, SECTOR009, sector-009, sector009",SECTOR009,False,SECTOR009
sector01,"SECTOR-01, SECTOR01, sector-01, sector01",SECTOR001,False,SECTOR001
sector010,"SECTOR-010, SECTOR010, sector-010, sector010",SECTOR010,False,SECTOR010
sector011,"SECTOR-011, SECTOR011, sector-011, sector011",SECTOR011,False,SECTOR011
sector012,"SECTOR-012, SECTOR012, sector-012, sector012",SECTOR012,False,SECTOR012
sector013,"SECTOR-013, SECTOR013, sector-013, sector013",SECTOR013,False,SECTOR013
sector014,"SECTOR-014, SECTOR014, sector-014, sector014",SECTOR014,False,SECTOR014
sector015,"SECTOR-015, SECTOR015, sector-015, sector015",SECTOR015,False,SECTOR015
sector016,"SECTOR-016, SECTOR016, sector-016, sector016",SECTOR016,False,SECTOR016
sector017,"SECTOR-017, SECTOR017, sector-017, sector017",SECTOR017,False,SECTOR017
sector02,"SECTOR-02, SECTOR02, sector-02, sector02",SECTOR002,False,SECTOR002
sector03,"SECTOR-03, SECTOR03, sector-03, sector03",SECTOR003,False,SECTOR003
sector04,"SECTOR-04, SECTOR04, sector-04, sector04",SECTOR004,False,SECTOR004
sector05,"SECTOR-05, SECTOR05, sector-05, sector05",SECTOR005,False,SECTOR005
sector06,"SECTOR-06, SECTOR06, sector-06, sector06",SECTOR006,False,SECTOR006
sector07,"SECTOR-07, SECTOR07, sector-07, sector07",SECTOR007,False,SECTOR007
sector08,"SECTOR-08, SECTOR08, sector-08, sector08",SECTOR008,False,SECTOR008
sector09,"SECTOR-09, SECTOR09, sector-09, sector09",SECTOR009,False,SECTOR009
sector1,"SECTOR-1, SECTOR1, sector-1, sector1",SECTOR001,False,SECTOR001
sector10,"SECTOR-10, SECTOR10, sector-10, sector10",SECTOR010,False,SECTOR010
sector11,"SECTOR-11, SECTOR11, sector-11, sector11",SECTOR011,False,SECTOR011
sector12,"SECTOR-12, SECTOR12, sector-12, sector12",SECTOR012,False,SECTOR012
sector13,"SECTOR-13, SECTOR13, sector-13, sector13",SECTOR013,False,SECTOR013
sector14,"SECTOR-14, SECTOR14, sector-14, sector14",SECTOR014,False,SECTOR014
sector15,"SECTOR-15, SECTOR15, sector-15, sector15",SECTOR015,False,SECTOR015
sector16,"SECTOR-16, SECTOR16, sector-16, sector16",SECTOR016,False,SECTOR016
sector17,"SECTOR-17, SECTOR17, sector-17, sector17",SECTOR017,False,SECTOR017
sector2,"SECTOR-2, SECTOR2, sector-2, sector2",SECTOR002,False,SECTOR002
sector3,"SECTOR-3, SECTOR3, sector-3, sector3",SECTOR003,False,SECTOR003
sector4,"SECTOR-4, SECTOR4, sector-4, sector4",SECTOR004,False,SECTOR004
sector5,"SECTOR-5, SECTOR5, sector-5, sector5",SECTOR005,False,SECTOR005
sector6,"SECTOR-6, SECTOR6, sector-6, sector6",SECTOR006,False,SECTOR006
sector7,"SECTOR-7, SECTOR7, sector-7, sector7",SECTOR007,False,SECTOR007
sector8,"SECTOR-8, SECTOR8, sector-8, sector8",SECTOR008,False,SECTOR008
sector9,"SECTOR-9, SECTOR9, sector-9, sector9",SECTOR009,False,SECTOR009
segment001,"SEGMENT-001, SEGMENT001, segment-001, segment001",SEGMENT001,False,SEGMENT001
segment002,"SEGMENT-002, SEGMENT002, segment-002, segment002",SEGMENT002,False,SEGMENT002
segment003,"SEGMENT-003, SEGMENT003, segment-003, segment003",SEGMENT003,False,SEGMENT003
segment004,"SEGMENT-004, SEGMENT004, segment-004, segment004",SEGMENT004,False,SEGMENT004
segment005,"SEGMENT-005, SEGMENT005, segment-005, segment005",SEGMENT005,False,SEGMENT005
segment006,"SEGMENT-006, SEGMENT006, segment-006, segment006",SEGMENT006,False,SEGMENT006
segment007,"SEGMENT-007, SEGMENT007, segment-007, segment007",SEGMENT007,False,SEGMENT007
segment008,"SEGMENT-008, SEGMENT008, segment-008, segment008",SEGMENT008,False,SEGMENT008
segment009,"SEGMENT-009, SEGMENT009, segment-009, segment009",SEGMENT009,False,SEGMENT009
segment01,"SEGMENT-01, SEGMENT01, segment-01, segment01",SEGMENT001,False,SEGMENT001
segment02,"SEGMENT-02, SEGMENT02, segment-02, segment02",SEGMENT002,False,SEGMENT002
segment03,"SEGMENT-03, SEGMENT03, segment-03, segment03",SEGMENT003,False,SEGMENT003
segment04,"SEGMENT-04, SEGMENT04, segment-04, segment04",SEGMENT004,False,SEGMENT004
segment05,"SEGMENT-05, SEGMENT05, segment-05, segment05",SEGMENT005,False,SEGMENT005
segment06,"SEGMENT-06, SEGMENT06, segment-06, segment06",SEGMENT006,False,SEGMENT006
segment07,"SEGMENT-07, SEGMENT07, segment-07, segment07",SEGMENT007,False,SEGMENT007
segment08,"SEGMENT-08, SEGMENT08, segment-08, segment08",SEGMENT008,False,SEGMENT008
segment09,"SEGMENT-09, SEGMENT09, segment-09, segment09",SEGMENT009,False,SEGMENT009
segment1,"SEGMENT-1, SEGMENT1, segment-1, segment1",SEGMENT001,False,SEGMENT001
segment2,"SEGMENT-2, SEGMENT2, segment-2, segment2",SEGMENT002,False,SEGMENT002
segment3,"SEGMENT-3, SEGMENT3, segment-3, segment3",SEGMENT003,False,SEGMENT003
segment4,"SEGMENT-4, SEGMENT4, segment-4, segment4",SEGMENT004,False,SEGMENT004
segment5,"SEGMENT-5, SEGMENT5, segment-5, segment5",SEGMENT005,False,SEGMENT005
segment6,"SEGMENT-6, SEGMENT6, segment-6, segment6",SEGMENT006,False,SEGMENT006
segment7,"SEGMENT-7, SEGMENT7, segment-7, segment7",SEGMENT007,False,SEGMENT007
segment8,"SEGMENT-8, SEGMENT8, segment-8, segment8",SEGMENT008,False,SEGMENT008
segment9,"SEGMENT-9, SEGMENT9, segment-9, segment9",SEGMENT009,False,SEGMENT009
